season,team_id,seed_code,division,seed_num,seed_missing
1985,1207,W01,M,1,0
1985,1210,W02,M,2,0
1985,1228,W03,M,3,0
1985,1260,W04,M,4,0
1985,1374,W05,M,5,0
1985,1208,W06,M,6,0
1985,1393,W07,M,7,0
1985,1396,W08,M,8,0
1985,1439,W09,M,9,0
1985,1177,W10,M,10,0
1985,1455,W11,M,11,0
1985,1330,W12,M,12,0
1985,1233,W13,M,13,0
1985,1318,W14,M,14,0
1985,1273,W15,M,15,0
1985,1250,W16,M,16,0
1985,1385,X01,M,1,0
1985,1433,X02,M,2,0
1985,1301,X03,M,3,0
1985,1424,X04,M,4,0
1985,1449,X05,M,5,0
1985,1409,X06,M,6,0
1985,1104,X07,M,7,0
1985,1234,X08,M,8,0
1985,1116,X09,M,9,0
1985,1112,X10,M,10,0
1985,1431,X11,M,11,0
1985,1246,X12,M,12,0
1985,1361,X13,M,13,0
1985,1305,X14,M,14,0
1985,1267,X15,M,15,0
1985,1380,X16,M,16,0
1985,1328,Y01,M,1,0
1985,1272,Y02,M,2,0
1985,1181,Y03,M,3,0
1985,1326,Y04,M,4,0
1985,1256,Y05,M,5,0
1985,1403,Y06,M,6,0
1985,1412,Y07,M,7,0
1985,1425,Y08,M,8,0
1985,1229,Y09,M,9,0
1985,1277,Y10,M,10,0
1985,1130,Y11,M,11,0
1985,1338,Y12,M,12,0
1985,1235,Y13,M,13,0
1985,1337,Y14,M,14,0
1985,1335,Y15,M,15,0
1985,1299,Y16,M,16,0
1985,1276,Z01,M,1,0
1985,1314,Z02,M,2,0
1985,1242,Z03,M,3,0
1985,1261,Z04,M,4,0
1985,1268,Z05,M,5,0
1985,1345,Z06,M,6,0
1985,1323,Z07,M,7,0
1985,1437,Z08,M,8,0
1985,1173,Z09,M,9,0
1985,1333,Z10,M,10,0
1985,1120,Z11,M,11,0
1985,1275,Z12,M,12,0
1985,1298,Z13,M,13,0
1985,1325,Z14,M,14,0
1985,1292,Z15,M,15,0
1985,1192,Z16,M,16,0
1986,1181,W01,M,1,0
1986,1393,W02,M,2,0
1986,1231,W03,M,3,0
1986,1328,W04,M,4,0
1986,1438,W05,M,5,0
1986,1386,W06,M,6,0
1986,1298,W07,M,7,0
1986,1330,W08,M,8,0
1986,1452,W09,M,9,0
1986,1409,W10,M,10,0
1986,1350,W11,M,11,0
1986,1177,W12,M,12,0
1986,1318,W13,M,13,0
1986,1156,W14,M,14,0
1986,1135,W15,M,15,0
1986,1290,W16,M,16,0
1986,1242,X01,M,1,0
1986,1276,X02,M,2,0
1986,1323,X03,M,3,0
1986,1207,X04,M,4,0
1986,1277,X05,M,5,0
1986,1301,X06,M,6,0
1986,1235,X07,M,7,0
1986,1239,X08,M,8,0
1986,1396,X09,M,9,0
1986,1275,X10,M,10,0
1986,1234,X11,M,11,0
1986,1449,X12,M,12,0
1986,1403,X13,M,13,0
1986,1114,X14,M,14,0
1986,1103,X15,M,15,0
1986,1299,X16,M,16,0
1986,1246,Y01,M,1,0
1986,1210,Y02,M,2,0
1986,1272,Y03,M,3,0
1986,1228,Y04,M,4,0
1986,1104,Y05,M,5,0
1986,1345,Y06,M,6,0
1986,1439,Y07,M,7,0
1986,1443,Y08,M,8,0
1986,1304,Y09,M,9,0
1986,1437,Y10,M,10,0
1986,1261,Y11,M,11,0
1986,1462,Y12,M,12,0
1986,1193,Y13,M,13,0
1986,1123,Y14,M,14,0
1986,1265,Y15,M,15,0
1986,1172,Y16,M,16,0
1986,1385,Z01,M,1,0
1986,1257,Z02,M,2,0
1986,1314,Z03,M,3,0
1986,1424,Z04,M,4,0
1986,1268,Z05,M,5,0
1986,1412,Z06,M,6,0
1986,1133,Z07,M,7,0
1986,1120,Z08,M,8,0
1986,1112,Z09,M,9,0
1986,1431,Z10,M,10,0
1986,1281,Z11,M,11,0
1986,1337,Z12,M,12,0
1986,1419,Z13,M,13,0
1986,1428,Z14,M,14,0
1986,1180,Z15,M,15,0
1986,1286,Z16,M,16,0
1987,1314,W01,M,1,0
1987,1393,W02,M,2,0
1987,1345,W03,M,3,0
1987,1395,W04,M,4,0
1987,1323,W05,M,5,0
1987,1196,W06,M,6,0
1987,1452,W07,M,7,0
1987,1298,W08,M,8,0
1987,1276,W09,M,9,0
1987,1443,W10,M,10,0
1987,1301,W11,M,11,0
1987,1292,W12,M,12,0
1987,1267,W13,M,13,0
1987,1318,W14,M,14,0
1987,1204,W15,M,15,0
1987,1335,W16,M,16,0
1987,1207,X01,M,1,0
1987,1104,X02,M,2,0
1987,1228,X03,M,3,0
1987,1155,X04,M,4,0
1987,1242,X05,M,5,0
1987,1344,X06,M,6,0
1987,1309,X07,M,7,0
1987,1246,X08,M,8,0
1987,1326,X09,M,9,0
1987,1140,X10,M,10,0
1987,1412,X11,M,11,0
1987,1222,X12,M,12,0
1987,1283,X13,M,13,0
1987,1122,X14,M,14,0
1987,1299,X15,M,15,0
1987,1137,X16,M,16,0
1987,1231,Y01,M,1,0
1987,1396,Y02,M,2,0
1987,1177,Y03,M,3,0
1987,1281,Y04,M,4,0
1987,1181,Y05,M,5,0
1987,1385,Y06,M,6,0
1987,1210,Y07,M,7,0
1987,1120,Y08,M,8,0
1987,1360,Y09,M,9,0
1987,1261,Y10,M,10,0
1987,1455,Y11,M,11,0
1987,1401,Y12,M,12,0
1987,1462,Y13,M,13,0
1987,1256,Y14,M,14,0
1987,1380,Y15,M,15,0
1987,1193,Y16,M,16,0
1987,1424,Z01,M,1,0
1987,1234,Z02,M,2,0
1987,1338,Z03,M,3,0
1987,1417,Z04,M,4,0
1987,1438,Z05,M,5,0
1987,1328,Z06,M,6,0
1987,1431,Z07,M,7,0
1987,1208,Z08,M,8,0
1987,1243,Z09,M,9,0
1987,1112,Z10,M,10,0
1987,1409,Z11,M,11,0
1987,1461,Z12,M,12,0
1987,1141,Z13,M,13,0
1987,1265,Z14,M,14,0
1987,1365,Z15,M,15,0
1987,1226,Z16,M,16,0
1988,1396,W01,M,1,0
1988,1181,W02,M,2,0
1988,1393,W03,M,3,0
1988,1231,W04,M,4,0
1988,1210,W05,M,5,0
1988,1281,W06,M,6,0
1988,1374,W07,M,7,0
1988,1207,W08,M,8,0
1988,1261,W09,M,9,0
1988,1323,W10,M,10,0
1988,1348,W11,M,11,0
1988,1235,W12,M,12,0
1988,1350,W13,M,13,0
1988,1299,W14,M,14,0
1988,1131,W15,M,15,0
1988,1250,W16,M,16,0
1988,1345,X01,M,1,0
1988,1338,X02,M,2,0
1988,1301,X03,M,3,0
1988,1243,X04,M,4,0
1988,1177,X05,M,5,0
1988,1242,X06,M,6,0
1988,1435,X07,M,7,0
1988,1124,X08,M,8,0
1988,1272,X09,M,9,0
1988,1429,X10,M,10,0
1988,1462,X11,M,11,0
1988,1455,X12,M,12,0
1988,1247,X13,M,13,0
1988,1293,X14,M,14,0
1988,1185,X15,M,15,0
1988,1192,X16,M,16,0
1988,1328,Y01,M,1,0
1988,1246,Y02,M,2,0
1988,1228,Y03,M,3,0
1988,1140,Y04,M,4,0
1988,1257,Y05,M,5,0
1988,1437,Y06,M,6,0
1988,1268,Y07,M,7,0
1988,1120,Y08,M,8,0
1988,1133,Y09,M,9,0
1988,1364,Y10,M,10,0
1988,1116,Y11,M,11,0
1988,1333,Y12,M,12,0
1988,1150,Y13,M,13,0
1988,1427,Y14,M,14,0
1988,1380,Y15,M,15,0
1988,1151,Y16,M,16,0
1988,1112,Z01,M,1,0
1988,1314,Z02,M,2,0
1988,1276,Z03,M,3,0
1988,1424,Z04,M,4,0
1988,1234,Z05,M,5,0
1988,1196,Z06,M,6,0
1988,1461,Z07,M,7,0
1988,1371,Z08,M,8,0
1988,1431,Z09,M,9,0
1988,1258,Z10,M,10,0
1988,1385,Z11,M,11,0
1988,1199,Z12,M,12,0
1988,1283,Z13,M,13,0
1988,1129,Z14,M,14,0
1988,1317,Z15,M,15,0
1988,1165,Z16,M,16,0
1989,1207,W01,M,1,0
1989,1181,W02,M,2,0
1989,1390,W03,M,3,0
1989,1234,W04,M,4,0
1989,1301,W05,M,5,0
1989,1243,W06,M,6,0
1989,1452,W07,M,7,0
1989,1435,W08,M,8,0
1989,1323,W09,M,9,0
1989,1397,W10,M,10,0
1989,1278,W11,M,11,0
1989,1376,W12,M,12,0
1989,1353,W13,M,13,0
1989,1373,W14,M,14,0
1989,1354,W15,M,15,0
1989,1343,W16,M,16,0
1989,1112,X01,M,1,0
1989,1231,X02,M,2,0
1989,1371,X03,M,3,0
1989,1424,X04,M,4,0
1989,1272,X05,M,5,0
1989,1333,X06,M,6,0
1989,1431,X07,M,7,0
1989,1388,X08,M,8,0
1989,1155,X09,M,9,0
1989,1261,X10,M,10,0
1989,1191,X11,M,11,0
1989,1177,X12,M,12,0
1989,1225,X13,M,13,0
1989,1283,X14,M,14,0
1989,1206,X15,M,15,0
1989,1352,X16,M,16,0
1989,1228,Y01,M,1,0
1989,1393,Y02,M,2,0
1989,1281,Y03,M,3,0
1989,1257,Y04,M,4,0
1989,1116,Y05,M,5,0
1989,1210,Y06,M,6,0
1989,1196,Y07,M,7,0
1989,1338,Y08,M,8,0
1989,1123,Y09,M,9,0
1989,1161,Y10,M,10,0
1989,1400,Y11,M,11,0
1989,1258,Y12,M,12,0
1989,1114,Y13,M,13,0
1989,1166,Y14,M,14,0
1989,1137,Y15,M,15,0
1989,1270,Y16,M,16,0
1989,1328,Z01,M,1,0
1989,1314,Z02,M,2,0
1989,1276,Z03,M,3,0
1989,1199,Z04,M,4,0
1989,1438,Z05,M,5,0
1989,1104,Z06,M,6,0
1989,1417,Z07,M,7,0
1989,1247,Z08,M,8,0
1989,1256,Z09,M,9,0
1989,1235,Z10,M,10,0
1989,1375,Z11,M,11,0
1989,1344,Z12,M,12,0
1989,1292,Z13,M,13,0
1989,1462,Z14,M,14,0
1989,1380,Z15,M,15,0
1989,1190,Z16,M,16,0
1990,1163,W01,M,1,0
1990,1242,W02,M,2,0
1990,1181,W03,M,3,0
1990,1247,W04,M,4,0
1990,1155,W05,M,5,0
1990,1385,W06,M,6,0
1990,1417,W07,M,7,0
1990,1231,W08,M,8,0
1990,1143,W09,M,9,0
1990,1412,W10,M,10,0
1990,1396,W11,M,11,0
1990,1140,W12,M,12,0
1990,1379,W13,M,13,0
1990,1350,W14,M,14,0
1990,1352,W15,M,15,0
1990,1131,W16,M,16,0
1990,1328,X01,M,1,0
1990,1345,X02,M,2,0
1990,1207,X03,M,3,0
1990,1116,X04,M,4,0
1990,1228,X05,M,5,0
1990,1462,X06,M,6,0
1990,1208,X07,M,7,0
1990,1314,X08,M,8,0
1990,1283,X09,M,9,0
1990,1400,X10,M,10,0
1990,1243,X11,M,11,0
1990,1173,X12,M,12,0
1990,1343,X13,M,13,0
1990,1411,X14,M,14,0
1990,1419,X15,M,15,0
1990,1406,X16,M,16,0
1990,1277,Y01,M,1,0
1990,1393,Y02,M,2,0
1990,1281,Y03,M,3,0
1990,1210,Y04,M,4,0
1990,1261,Y05,M,5,0
1990,1278,Y06,M,6,0
1990,1438,Y07,M,7,0
1990,1222,Y08,M,8,0
1990,1364,Y09,M,9,0
1990,1323,Y10,M,10,0
1990,1431,Y11,M,11,0
1990,1437,Y12,M,12,0
1990,1190,Y13,M,13,0
1990,1320,Y14,M,14,0
1990,1164,Y15,M,15,0
1990,1293,Y16,M,16,0
1990,1424,Z01,M,1,0
1990,1112,Z02,M,2,0
1990,1276,Z03,M,3,0
1990,1257,Z04,M,4,0
1990,1333,Z05,M,5,0
1990,1308,Z06,M,6,0
1990,1104,Z07,M,7,0
1990,1326,Z08,M,8,0
1990,1344,Z09,M,9,0
1990,1161,Z10,M,10,0
1990,1258,Z11,M,11,0
1990,1123,Z12,M,12,0
1990,1225,Z13,M,13,0
1990,1229,Z14,M,14,0
1990,1378,Z15,M,15,0
1990,1114,Z16,M,16,0
1991,1314,W01,M,1,0
1991,1393,W02,M,2,0
1991,1329,W03,M,3,0
1991,1417,W04,M,4,0
1991,1280,W05,M,5,0
1991,1301,W06,M,6,0
1991,1345,W07,M,7,0
1991,1343,W08,M,8,0
1991,1437,W09,M,9,0
1991,1396,W10,M,10,0
1991,1379,W11,M,11,0
1991,1185,W12,M,12,0
1991,1336,W13,M,13,0
1991,1307,W14,M,14,0
1991,1350,W15,M,15,0
1991,1318,W16,M,16,0
1991,1116,X01,M,1,0
1991,1231,X02,M,2,0
1991,1242,X03,M,3,0
1991,1104,X04,M,4,0
1991,1448,X05,M,5,0
1991,1338,X06,M,6,0
1991,1199,X07,M,7,0
1991,1113,X08,M,8,0
1991,1353,X09,M,9,0
1991,1425,X10,M,10,0
1991,1208,X11,M,11,0
1991,1256,X12,M,12,0
1991,1293,X13,M,13,0
1991,1309,X14,M,14,0
1991,1157,X15,M,15,0
1991,1209,X16,M,16,0
1991,1326,Y01,M,1,0
1991,1181,Y02,M,2,0
1991,1304,Y03,M,3,0
1991,1385,Y04,M,4,0
1991,1400,Y05,M,5,0
1991,1261,Y06,M,6,0
1991,1234,Y07,M,7,0
1991,1210,Y08,M,8,0
1991,1177,Y09,M,9,0
1991,1190,Y10,M,10,0
1991,1163,Y11,M,11,0
1991,1389,Y12,M,12,0
1991,1296,Y13,M,13,0
1991,1462,Y14,M,14,0
1991,1419,Y15,M,15,0
1991,1406,Y16,M,16,0
1991,1424,Z01,M,1,0
1991,1112,Z02,M,2,0
1991,1371,Z03,M,3,0
1991,1428,Z04,M,4,0
1991,1277,Z05,M,5,0
1991,1308,Z06,M,6,0
1991,1438,Z07,M,7,0
1991,1207,Z08,M,8,0
1991,1435,Z09,M,9,0
1991,1140,Z10,M,10,0
1991,1166,Z11,M,11,0
1991,1453,Z12,M,12,0
1991,1375,Z13,M,13,0
1991,1337,Z14,M,14,0
1991,1384,Z15,M,15,0
1991,1285,Z16,M,16,0
1992,1181,W01,M,1,0
1992,1246,W02,M,2,0
1992,1269,W03,M,3,0
1992,1371,W04,M,4,0
1992,1281,W05,M,5,0
1992,1393,W06,M,6,0
1992,1150,W07,M,7,0
1992,1400,W08,M,8,0
1992,1234,W09,M,9,0
1992,1235,W10,M,10,0
1992,1343,W11,M,11,0
1992,1452,W12,M,12,0
1992,1247,W13,M,13,0
1992,1200,W14,M,14,0
1992,1330,W15,M,15,0
1992,1144,W16,M,16,0
1992,1417,X01,M,1,0
1992,1231,X02,M,2,0
1992,1199,X03,M,3,0
1992,1328,X04,M,4,0
1992,1177,X05,M,5,0
1992,1207,X06,M,6,0
1992,1261,X07,M,7,0
1992,1257,X08,M,8,0
1992,1448,X09,M,9,0
1992,1140,X10,M,10,0
1992,1378,X11,M,11,0
1992,1308,X12,M,12,0
1992,1418,X13,M,13,0
1992,1285,X14,M,14,0
1992,1183,X15,M,15,0
1992,1352,X16,M,16,0
1992,1242,Y01,M,1,0
1992,1425,Y02,M,2,0
1992,1116,Y03,M,3,0
1992,1153,Y04,M,4,0
1992,1277,Y05,M,5,0
1992,1272,Y06,M,6,0
1992,1210,Y07,M,7,0
1992,1191,Y08,M,8,0
1992,1431,Y09,M,9,0
1992,1222,Y10,M,10,0
1992,1337,Y11,M,11,0
1992,1283,Y12,M,12,0
1992,1174,Y13,M,13,0
1992,1293,Y14,M,14,0
1992,1419,Y15,M,15,0
1992,1224,Y16,M,16,0
1992,1326,Z01,M,1,0
1992,1329,Z02,M,2,0
1992,1112,Z03,M,3,0
1992,1314,Z04,M,4,0
1992,1104,Z05,M,5,0
1992,1276,Z06,M,6,0
1992,1385,Z07,M,7,0
1992,1304,Z08,M,8,0
1992,1163,Z09,M,9,0
1992,1408,Z10,M,10,0
1992,1396,Z11,M,11,0
1992,1390,Z12,M,12,0
1992,1275,Z13,M,13,0
1992,1190,Z14,M,14,0
1992,1204,Z15,M,15,0
1992,1290,Z16,M,16,0
1993,1314,W01,M,1,0
1993,1153,W02,M,2,0
1993,1269,W03,M,3,0
1993,1116,W04,M,4,0
1993,1385,W05,M,5,0
1993,1438,W06,M,6,0
1993,1308,W07,M,7,0
1993,1348,W08,M,8,0
1993,1345,W09,M,9,0
1993,1304,W10,M,10,0
1993,1264,W11,M,11,0
1993,1403,W12,M,12,0
1993,1221,W13,M,13,0
1993,1335,W14,M,14,0
1993,1164,W15,M,15,0
1993,1187,W16,M,16,0
1993,1231,X01,M,1,0
1993,1242,X02,M,2,0
1993,1181,X03,M,3,0
1993,1257,X04,M,4,0
1993,1329,X05,M,5,0
1993,1143,X06,M,6,0
1993,1140,X07,M,7,0
1993,1309,X08,M,8,0
1993,1462,X09,M,9,0
1993,1374,X10,M,10,0
1993,1261,X11,M,11,0
1993,1266,X12,M,12,0
1993,1174,X13,M,13,0
1993,1356,X14,M,14,0
1993,1123,X15,M,15,0
1993,1460,X16,M,16,0
1993,1246,Y01,M,1,0
1993,1371,Y02,M,2,0
1993,1199,Y03,M,3,0
1993,1234,Y04,M,4,0
1993,1448,Y05,M,5,0
1993,1243,Y06,M,6,0
1993,1443,Y07,M,7,0
1993,1428,Y08,M,8,0
1993,1338,Y09,M,9,0
1993,1272,Y10,M,10,0
1993,1408,Y11,M,11,0
1993,1151,Y12,M,12,0
1993,1419,Y13,M,13,0
1993,1191,Y14,M,14,0
1993,1398,Y15,M,15,0
1993,1351,Y16,M,16,0
1993,1276,Z01,M,1,0
1993,1112,Z02,M,2,0
1993,1435,Z03,M,3,0
1993,1210,Z04,M,4,0
1993,1307,Z05,M,5,0
1993,1228,Z06,M,6,0
1993,1396,Z07,M,7,0
1993,1235,Z08,M,8,0
1993,1417,Z09,M,9,0
1993,1281,Z10,M,10,0
1993,1253,Z11,M,11,0
1993,1203,Z12,M,12,0
1993,1380,Z13,M,13,0
1993,1129,Z14,M,14,0
1993,1365,Z15,M,15,0
1993,1157,Z16,M,16,0
1994,1314,W01,M,1,0
1994,1163,W02,M,2,0
1994,1196,W03,M,3,0
1994,1396,W04,M,4,0
1994,1231,W05,M,5,0
1994,1304,W06,M,6,0
1994,1412,W07,M,7,0
1994,1450,W08,M,8,0
1994,1130,W09,M,9,0
1994,1203,W10,M,10,0
1994,1335,W11,M,11,0
1994,1325,W12,M,12,0
1994,1180,W13,M,13,0
1994,1241,W14,M,14,0
1994,1351,W15,M,15,0
1994,1251,W16,M,16,0
1994,1345,X01,M,1,0
1994,1181,X02,M,2,0
1994,1246,X03,M,3,0
1994,1242,X04,M,4,0
1994,1448,X05,M,5,0
1994,1266,X06,M,6,0
1994,1277,X07,M,7,0
1994,1344,X08,M,8,0
1994,1104,X09,M,9,0
1994,1371,X10,M,10,0
1994,1418,X11,M,11,0
1994,1158,X12,M,12,0
1994,1151,X13,M,13,0
1994,1398,X14,M,14,0
1994,1411,X15,M,15,0
1994,1416,X16,M,16,0
1994,1116,Y01,M,1,0
1994,1269,Y02,M,2,0
1994,1276,Y03,M,3,0
1994,1329,Y04,M,4,0
1994,1417,Y05,M,5,0
1994,1400,Y06,M,6,0
1994,1387,Y07,M,7,0
1994,1228,Y08,M,8,0
1994,1207,Y09,M,9,0
1994,1268,Y10,M,10,0
1994,1443,Y11,M,11,0
1994,1409,Y12,M,12,0
1994,1308,Y13,M,13,0
1994,1337,Y14,M,14,0
1994,1402,Y15,M,15,0
1994,1299,Y16,M,16,0
1994,1281,Z01,M,1,0
1994,1112,Z02,M,2,0
1994,1257,Z03,M,3,0
1994,1393,Z04,M,4,0
1994,1143,Z05,M,5,0
1994,1278,Z06,M,6,0
1994,1438,Z07,M,7,0
1994,1153,Z08,M,8,0
1994,1458,Z09,M,9,0
1994,1307,Z10,M,10,0
1994,1356,Z11,M,11,0
1994,1453,Z12,M,12,0
1994,1218,Z13,M,13,0
1994,1129,Z14,M,14,0
1994,1259,Z15,M,15,0
1994,1298,Z16,M,16,0
1995,1448,W01,M,1,0
1995,1269,W02,M,2,0
1995,1437,W03,M,3,0
1995,1329,W04,M,4,0
1995,1104,W05,M,5,0
1995,1409,W06,M,6,0
1995,1150,W07,M,7,0
1995,1278,W08,M,8,0
1995,1387,W09,M,9,0
1995,1390,W10,M,10,0
1995,1228,W11,M,11,0
1995,1335,W12,M,12,0
1995,1180,W13,M,13,0
1995,1330,W14,M,14,0
1995,1389,W15,M,15,0
1995,1299,W16,M,16,0
1995,1417,X01,M,1,0
1995,1163,X02,M,2,0
1995,1268,X03,M,3,0
1995,1428,X04,M,4,0
1995,1280,X05,M,5,0
1995,1332,X06,M,6,0
1995,1153,X07,M,7,0
1995,1281,X08,M,8,0
1995,1231,X09,M,9,0
1995,1396,X10,M,10,0
1995,1400,X11,M,11,0
1995,1365,X12,M,12,0
1995,1253,X13,M,13,0
1995,1211,X14,M,14,0
1995,1151,X15,M,15,0
1995,1198,X16,M,16,0
1995,1242,Y01,M,1,0
1995,1116,Y02,M,2,0
1995,1345,Y03,M,3,0
1995,1438,Y04,M,4,0
1995,1112,Y05,M,5,0
1995,1272,Y06,M,6,0
1995,1393,Y07,M,7,0
1995,1443,Y08,M,8,0
1995,1276,Y09,M,9,0
1995,1356,Y10,M,10,0
1995,1257,Y11,M,11,0
1995,1275,Y12,M,12,0
1995,1311,Y13,M,13,0
1995,1453,Y14,M,14,0
1995,1411,Y15,M,15,0
1995,1159,Y16,M,16,0
1995,1246,Z01,M,1,0
1995,1314,Z02,M,2,0
1995,1277,Z03,M,3,0
1995,1328,Z04,M,4,0
1995,1113,Z05,M,5,0
1995,1207,Z06,M,6,0
1995,1235,Z07,M,7,0
1995,1140,Z08,M,8,0
1995,1408,Z09,M,9,0
1995,1196,Z10,M,10,0
1995,1462,Z11,M,11,0
1995,1123,Z12,M,12,0
1995,1264,Z13,M,13,0
1995,1451,Z14,M,14,0
1995,1293,Z15,M,15,0
1995,1291,Z16,M,16,0
1996,1269,W01,M,1,0
1996,1207,W02,M,2,0
1996,1403,W03,M,3,0
1996,1266,W04,M,4,0
1996,1336,W05,M,5,0
1996,1314,W06,M,6,0
1996,1307,W07,M,7,0
1996,1133,W08,M,8,0
1996,1390,W09,M,9,0
1996,1243,W10,M,10,0
1996,1309,W11,M,11,0
1996,1116,W12,M,12,0
1996,1284,W13,M,13,0
1996,1296,W14,M,14,0
1996,1290,W15,M,15,0
1996,1416,W16,M,16,0
1996,1246,X01,M,1,0
1996,1448,X02,M,2,0
1996,1437,X03,M,3,0
1996,1428,X04,M,4,0
1996,1235,X05,M,5,0
1996,1257,X06,M,6,0
1996,1276,X07,M,7,0
1996,1453,X08,M,8,0
1996,1439,X09,M,9,0
1996,1400,X10,M,10,0
1996,1409,X11,M,11,0
1996,1143,X12,M,12,0
1996,1145,X13,M,13,0
1996,1339,X14,M,14,0
1996,1419,X15,M,15,0
1996,1363,X16,M,16,0
1996,1163,Y01,M,1,0
1996,1153,Y02,M,2,0
1996,1210,Y03,M,3,0
1996,1417,Y04,M,4,0
1996,1280,Y05,M,5,0
1996,1231,Y06,M,6,0
1996,1396,Y07,M,7,0
1996,1181,Y08,M,8,0
1996,1185,Y09,M,9,0
1996,1328,Y10,M,10,0
1996,1130,Y11,M,11,0
1996,1433,Y12,M,12,0
1996,1343,Y13,M,13,0
1996,1122,Y14,M,14,0
1996,1422,Y15,M,15,0
1996,1159,Y16,M,16,0
1996,1345,Z01,M,1,0
1996,1242,Z02,M,2,0
1996,1112,Z03,M,3,0
1996,1393,Z04,M,4,0
1996,1272,Z05,M,5,0
1996,1234,Z06,M,6,0
1996,1268,Z07,M,7,0
1996,1208,Z08,M,8,0
1996,1155,Z09,M,9,0
1996,1365,Z10,M,10,0
1996,1203,Z11,M,11,0
1996,1180,Z12,M,12,0
1996,1286,Z13,M,13,0
1996,1434,Z14,M,14,0
1996,1354,Z15,M,15,0
1996,1441,Z16,M,16,0
1997,1314,W01,M,1,0
1997,1376,W02,M,2,0
1997,1307,W03,M,3,0
1997,1437,W04,M,4,0
1997,1143,W05,M,5,0
1997,1257,W06,M,6,0
1997,1458,W07,M,7,0
1997,1231,W08,M,8,0
1997,1160,W09,M,9,0
1997,1400,W10,M,10,0
1997,1269,W11,M,11,0
1997,1343,W12,M,12,0
1997,1254,W13,M,13,0
1997,1330,W14,M,14,0
1997,1164,W15,M,15,0
1997,1193,W16,M,16,0
1997,1242,X01,M,1,0
1997,1181,X02,M,2,0
1997,1208,X03,M,3,0
1997,1112,X04,M,4,0
1997,1268,X05,M,5,0
1997,1228,X06,M,6,0
1997,1266,X07,M,7,0
1997,1345,X08,M,8,0
1997,1348,X09,M,9,0
1997,1344,X10,M,10,0
1997,1425,X11,M,11,0
1997,1158,X12,M,12,0
1997,1375,X13,M,13,0
1997,1151,X14,M,14,0
1997,1293,X15,M,15,0
1997,1238,X16,M,16,0
1997,1278,Y01,M,1,0
1997,1417,Y02,M,2,0
1997,1153,Y03,M,3,0
1997,1155,Y04,M,4,0
1997,1409,Y05,M,5,0
1997,1235,Y06,M,6,0
1997,1462,Y07,M,7,0
1997,1279,Y08,M,8,0
1997,1396,Y09,M,9,0
1997,1435,Y10,M,10,0
1997,1229,Y11,M,11,0
1997,1131,Y12,M,12,0
1997,1275,Y13,M,13,0
1997,1139,Y14,M,14,0
1997,1149,Y15,M,15,0
1997,1402,Y16,M,16,0
1997,1246,Z01,M,1,0
1997,1428,Z02,M,2,0
1997,1448,Z03,M,3,0
1997,1386,Z04,M,4,0
1997,1130,Z05,M,5,0
1997,1390,Z06,M,6,0
1997,1150,Z07,M,7,0
1997,1234,Z08,M,8,0
1997,1438,Z09,M,9,0
1997,1207,Z10,M,10,0
1997,1328,Z11,M,11,0
1997,1434,Z12,M,12,0
1997,1334,Z13,M,13,0
1997,1388,Z14,M,14,0
1997,1298,Z15,M,15,0
1997,1285,Z16,M,16,0
1998,1314,W01,M,1,0
1998,1163,W02,M,2,0
1998,1376,W03,M,3,0
1998,1277,W04,M,4,0
1998,1343,W05,M,5,0
1998,1462,W06,M,6,0
1998,1231,W07,M,7,0
1998,1150,W08,M,8,0
1998,1227,W09,M,9,0
1998,1328,W10,M,10,0
1998,1449,W11,M,11,0
1998,1424,W12,M,12,0
1998,1185,W13,M,13,0
1998,1350,W14,M,14,0
1998,1192,W15,M,15,0
1998,1298,W16,M,16,0
1998,1112,X01,M,1,0
1998,1153,X02,M,2,0
1998,1428,X03,M,3,0
1998,1268,X04,M,4,0
1998,1228,X05,M,5,0
1998,1116,X06,M,6,0
1998,1396,X07,M,7,0
1998,1397,X08,M,8,0
1998,1229,X09,M,9,0
1998,1452,X10,M,10,0
1998,1304,X11,M,11,0
1998,1375,X12,M,12,0
1998,1429,X13,M,13,0
1998,1362,X14,M,14,0
1998,1319,X15,M,15,0
1998,1311,X16,M,16,0
1998,1242,Y01,M,1,0
1998,1345,Y02,M,2,0
1998,1390,Y03,M,3,0
1998,1279,Y04,M,4,0
1998,1395,Y05,M,5,0
1998,1155,Y06,M,6,0
1998,1385,Y07,M,7,0
1998,1348,Y08,M,8,0
1998,1293,Y09,M,9,0
1998,1178,Y10,M,10,0
1998,1444,Y11,M,11,0
1998,1199,Y12,M,12,0
1998,1434,Y13,M,13,0
1998,1158,Y14,M,14,0
1998,1174,Y15,M,15,0
1998,1341,Y16,M,16,0
1998,1181,Z01,M,1,0
1998,1246,Z02,M,2,0
1998,1276,Z03,M,3,0
1998,1307,Z04,M,4,0
1998,1393,Z05,M,5,0
1998,1417,Z06,M,6,0
1998,1269,Z07,M,7,0
1998,1329,Z08,M,8,0
1998,1203,Z09,M,9,0
1998,1387,Z10,M,10,0
1998,1274,Z11,M,11,0
1998,1233,Z12,M,12,0
1998,1139,Z13,M,13,0
1998,1172,Z14,M,14,0
1998,1354,Z15,M,15,0
1998,1347,Z16,M,16,0
1999,1181,W01,M,1,0
1999,1274,W02,M,2,0
1999,1153,W03,M,3,0
1999,1397,W04,M,4,0
1999,1458,W05,M,5,0
1999,1396,W06,M,6,0
1999,1400,W07,M,7,0
1999,1158,W08,M,8,0
1999,1409,W09,M,9,0
1999,1345,W10,M,10,0
1999,1245,W11,M,11,0
1999,1283,W12,M,12,0
1999,1174,W13,M,13,0
1999,1206,W14,M,14,0
1999,1248,W15,M,15,0
1999,1197,W16,M,16,0
1999,1277,X01,M,1,0
1999,1428,X02,M,2,0
1999,1246,X03,M,3,0
1999,1112,X04,M,4,0
1999,1150,X05,M,5,0
1999,1242,X06,M,6,0
1999,1449,X07,M,7,0
1999,1437,X08,M,8,0
1999,1279,X09,M,9,0
1999,1275,X10,M,10,0
1999,1191,X11,M,11,0
1999,1348,X12,M,12,0
1999,1328,X13,M,13,0
1999,1308,X14,M,14,0
1999,1117,X15,M,15,0
1999,1291,X16,M,16,0
1999,1120,Y01,M,1,0
1999,1268,Y02,M,2,0
1999,1385,Y03,M,3,0
1999,1326,Y04,M,4,0
1999,1417,Y05,M,5,0
1999,1231,Y06,M,6,0
1999,1257,Y07,M,7,0
1999,1393,Y08,M,8,0
1999,1329,Y09,M,9,0
1999,1166,Y10,M,10,0
1999,1203,Y11,M,11,0
1999,1178,Y12,M,12,0
1999,1293,Y13,M,13,0
1999,1359,Y14,M,14,0
1999,1434,Y15,M,15,0
1999,1457,Y16,M,16,0
1999,1163,Z01,M,1,0
1999,1390,Z02,M,2,0
1999,1314,Z03,M,3,0
1999,1116,Z04,M,4,0
1999,1234,Z05,M,5,0
1999,1196,Z06,M,6,0
1999,1278,Z07,M,7,0
1999,1281,Z08,M,8,0
1999,1307,Z09,M,9,0
1999,1211,Z10,M,10,0
1999,1335,Z11,M,11,0
1999,1412,Z12,M,12,0
1999,1373,Z13,M,13,0
1999,1451,Z14,M,14,0
1999,1108,Z15,M,15,0
1999,1427,Z16,M,16,0
2000,1181,W01,M,1,0
2000,1396,W02,M,2,0
2000,1329,W03,M,3,0
2000,1228,W04,M,4,0
2000,1196,W05,M,5,0
2000,1231,W06,M,6,0
2000,1332,W07,M,7,0
2000,1242,W08,M,8,0
2000,1177,W09,M,9,0
2000,1371,W10,M,10,0
2000,1337,W11,M,11,0
2000,1139,W12,M,12,0
2000,1335,W13,M,13,0
2000,1220,W14,M,14,0
2000,1248,W15,M,15,0
2000,1249,W16,M,16,0
2000,1390,X01,M,1,0
2000,1153,X02,M,2,0
2000,1326,X03,M,3,0
2000,1397,X04,M,4,0
2000,1163,X05,M,5,0
2000,1274,X06,M,6,0
2000,1409,X07,M,7,0
2000,1314,X08,M,8,0
2000,1281,X09,M,9,0
2000,1424,X10,M,10,0
2000,1116,X11,M,11,0
2000,1429,X12,M,12,0
2000,1418,X13,M,13,0
2000,1111,X14,M,14,0
2000,1423,X15,M,15,0
2000,1354,X16,M,16,0
2000,1277,Y01,M,1,0
2000,1235,Y02,M,2,0
2000,1268,Y03,M,3,0
2000,1393,Y04,M,4,0
2000,1246,Y05,M,5,0
2000,1417,Y06,M,6,0
2000,1120,Y07,M,7,0
2000,1428,Y08,M,8,0
2000,1387,Y09,M,9,0
2000,1166,Y10,M,10,0
2000,1123,Y11,M,11,0
2000,1382,Y12,M,12,0
2000,1359,Y13,M,13,0
2000,1233,Y14,M,14,0
2000,1148,Y15,M,15,0
2000,1434,Y16,M,16,0
2000,1112,Z01,M,1,0
2000,1385,Z02,M,2,0
2000,1328,Z03,M,3,0
2000,1261,Z04,M,4,0
2000,1400,Z05,M,5,0
2000,1345,Z06,M,6,0
2000,1257,Z07,M,7,0
2000,1458,Z08,M,8,0
2000,1201,Z09,M,9,0
2000,1211,Z10,M,10,0
2000,1173,Z11,M,11,0
2000,1232,Z12,M,12,0
2000,1369,Z13,M,13,0
2000,1457,Z14,M,14,0
2000,1319,Z15,M,15,0
2000,1238,Z16,M,16,0
2001,1181,W01,M,1,0
2001,1246,W02,M,2,0
2001,1130,W03,M,3,0
2001,1417,W04,M,4,0
2001,1326,W05,M,5,0
2001,1425,W06,M,6,0
2001,1234,W07,M,7,0
2001,1208,W08,M,8,0
2001,1281,W09,M,9,0
2001,1166,W10,M,10,0
2001,1329,W11,M,11,0
2001,1429,W12,M,12,0
2001,1220,W13,M,13,0
2001,1381,W14,M,14,0
2001,1221,W15,M,15,0
2001,1284,W16,M,16,0
2001,1390,X01,M,1,0
2001,1235,X02,M,2,0
2001,1268,X03,M,3,0
2001,1231,X04,M,4,0
2001,1153,X05,M,5,0
2001,1458,X06,M,6,0
2001,1116,X07,M,7,0
2001,1210,X08,M,8,0
2001,1386,X09,M,9,0
2001,1207,X10,M,10,0
2001,1209,X11,M,11,0
2001,1140,X12,M,12,0
2001,1245,X13,M,13,0
2001,1206,X14,M,14,0
2001,1214,X15,M,15,0
2001,1422,X16,M,16,0
2001,1228,Y01,M,1,0
2001,1112,Y02,M,2,0
2001,1279,Y03,M,3,0
2001,1242,Y04,M,4,0
2001,1393,Y05,M,5,0
2001,1323,Y06,M,6,0
2001,1448,Y07,M,7,0
2001,1397,Y08,M,8,0
2001,1150,Y09,M,9,0
2001,1139,Y10,M,10,0
2001,1462,Y11,M,11,0
2001,1218,Y12,M,12,0
2001,1169,Y13,M,13,0
2001,1233,Y14,M,14,0
2001,1183,Y15,M,15,0
2001,1322,Y16a,M,16,0
2001,1457,Y16b,M,16,0
2001,1277,Z01,M,1,0
2001,1314,Z02,M,2,0
2001,1196,Z03,M,3,0
2001,1328,Z04,M,4,0
2001,1438,Z05,M,5,0
2001,1400,Z06,M,6,0
2001,1336,Z07,M,7,0
2001,1143,Z08,M,8,0
2001,1201,Z09,M,9,0
2001,1344,Z10,M,10,0
2001,1396,Z11,M,11,0
2001,1211,Z12,M,12,0
2001,1232,Z13,M,13,0
2001,1443,Z14,M,14,0
2001,1343,Z15,M,15,0
2001,1106,Z16,M,16,0
2002,1268,W01,M,1,0
2002,1163,W02,M,2,0
2002,1208,W03,M,3,0
2002,1246,W04,M,4,0
2002,1266,W05,M,5,0
2002,1403,W06,M,6,0
2002,1301,W07,M,7,0
2002,1458,W08,M,8,0
2002,1385,W09,M,9,0
2002,1277,W10,M,10,0
2002,1356,W11,M,11,0
2002,1409,W12,M,12,0
2002,1434,W13,M,13,0
2002,1293,W14,M,14,0
2002,1214,W15,M,15,0
2002,1108,W16a,M,16,0
2002,1373,W16b,M,16,0
2002,1242,X01,M,1,0
2002,1332,X02,M,2,0
2002,1280,X03,M,3,0
2002,1228,X04,M,4,0
2002,1196,X05,M,5,0
2002,1400,X06,M,6,0
2002,1448,X07,M,7,0
2002,1390,X08,M,8,0
2002,1443,X09,M,9,0
2002,1337,X10,M,10,0
2002,1130,X11,M,11,0
2002,1166,X12,M,12,0
2002,1361,X13,M,13,0
2002,1270,X14,M,14,0
2002,1285,X15,M,15,0
2002,1221,X16,M,16,0
2002,1181,Y01,M,1,0
2002,1104,Y02,M,2,0
2002,1338,Y03,M,3,0
2002,1425,Y04,M,4,0
2002,1231,Y05,M,5,0
2002,1143,Y06,M,6,0
2002,1329,Y07,M,7,0
2002,1323,Y08,M,8,0
2002,1150,Y09,M,9,0
2002,1245,Y10,M,10,0
2002,1335,Y11,M,11,0
2002,1428,Y12,M,12,0
2002,1423,Y13,M,13,0
2002,1148,Y14,M,14,0
2002,1194,Y15,M,15,0
2002,1457,Y16,M,16,0
2002,1153,Z01,M,1,0
2002,1328,Z02,M,2,0
2002,1112,Z03,M,3,0
2002,1326,Z04,M,4,0
2002,1274,Z05,M,5,0
2002,1211,Z06,M,6,0
2002,1462,Z07,M,7,0
2002,1417,Z08,M,8,0
2002,1279,Z09,M,9,0
2002,1218,Z10,M,10,0
2002,1461,Z11,M,11,0
2002,1281,Z12,M,12,0
2002,1172,Z13,M,13,0
2002,1364,Z14,M,14,0
2002,1227,Z15,M,15,0
2002,1131,Z16,M,16,0
2003,1328,W01,M,1,0
2003,1448,W02,M,2,0
2003,1393,W03,M,3,0
2003,1257,W04,M,4,0
2003,1280,W05,M,5,0
2003,1329,W06,M,6,0
2003,1386,W07,M,7,0
2003,1143,W08,M,8,0
2003,1301,W09,M,9,0
2003,1120,W10,M,10,0
2003,1335,W11,M,11,0
2003,1139,W12,M,12,0
2003,1122,W13,M,13,0
2003,1264,W14,M,14,0
2003,1190,W15,M,15,0
2003,1354,W16,M,16,0
2003,1400,X01,M,1,0
2003,1196,X02,M,2,0
2003,1462,X03,M,3,0
2003,1390,X04,M,4,0
2003,1163,X05,M,5,0
2003,1268,X06,M,6,0
2003,1277,X07,M,7,0
2003,1261,X08,M,8,0
2003,1345,X09,M,9,0
2003,1160,X10,M,10,0
2003,1423,X11,M,11,0
2003,1140,X12,M,12,0
2003,1360,X13,M,13,0
2003,1407,X14,M,14,0
2003,1358,X15,M,15,0
2003,1411,X16a,M,16,0
2003,1421,X16b,M,16,0
2003,1246,Y01,M,1,0
2003,1338,Y02,M,2,0
2003,1266,Y03,M,3,0
2003,1173,Y04,M,4,0
2003,1458,Y05,M,5,0
2003,1281,Y06,M,6,0
2003,1231,Y07,M,7,0
2003,1332,Y08,M,8,0
2003,1428,Y09,M,9,0
2003,1104,Y10,M,10,0
2003,1356,Y11,M,11,0
2003,1451,Y12,M,12,0
2003,1409,Y13,M,13,0
2003,1221,Y14,M,14,0
2003,1447,Y15,M,15,0
2003,1237,Y16,M,16,0
2003,1112,Z01,M,1,0
2003,1242,Z02,M,2,0
2003,1181,Z03,M,3,0
2003,1228,Z04,M,4,0
2003,1323,Z05,M,5,0
2003,1166,Z06,M,6,0
2003,1272,Z07,M,7,0
2003,1153,Z08,M,8,0
2003,1211,Z09,M,9,0
2003,1113,Z10,M,10,0
2003,1141,Z11,M,11,0
2003,1454,Z12,M,12,0
2003,1443,Z13,M,13,0
2003,1161,Z14,M,14,0
2003,1429,Z15,M,15,0
2003,1436,Z16,M,16,0
2004,1181,W01,M,1,0
2004,1280,W02,M,2,0
2004,1400,W03,M,3,0
2004,1153,W04,M,4,0
2004,1228,W05,M,5,0
2004,1314,W06,M,6,0
2004,1462,W07,M,7,0
2004,1371,W08,M,8,0
2004,1112,W09,M,9,0
2004,1257,W10,M,10,0
2004,1102,W11,M,11,0
2004,1293,W12,M,12,0
2004,1190,W13,M,13,0
2004,1343,W14,M,14,0
2004,1284,W15,M,15,0
2004,1106,W16,M,16,0
2004,1390,X01,M,1,0
2004,1163,X02,M,2,0
2004,1301,X03,M,3,0
2004,1268,X04,M,4,0
2004,1393,X05,M,5,0
2004,1435,X06,M,6,0
2004,1177,X07,M,7,0
2004,1104,X08,M,8,0
2004,1356,X09,M,9,0
2004,1173,X10,M,10,0
2004,1444,X11,M,11,0
2004,1140,X12,M,12,0
2004,1431,X13,M,13,0
2004,1418,X14,M,14,0
2004,1436,X15,M,15,0
2004,1427,X16,M,16,0
2004,1386,Y01,M,1,0
2004,1329,Y02,M,2,0
2004,1338,Y03,M,3,0
2004,1448,Y04,M,4,0
2004,1196,Y05,M,5,0
2004,1458,Y06,M,6,0
2004,1272,Y07,M,7,0
2004,1403,Y08,M,8,0
2004,1150,Y09,M,9,0
2004,1376,Y10,M,10,0
2004,1350,Y11,M,11,0
2004,1264,Y12,M,12,0
2004,1433,Y13,M,13,0
2004,1416,Y14,M,14,0
2004,1186,Y15,M,15,0
2004,1251,Y16,M,16,0
2004,1246,Z01,M,1,0
2004,1211,Z02,M,2,0
2004,1210,Z03,M,3,0
2004,1242,Z04,M,4,0
2004,1344,Z05,M,5,0
2004,1130,Z06,M,6,0
2004,1277,Z07,M,7,0
2004,1449,Z08,M,8,0
2004,1412,Z09,M,9,0
2004,1305,Z10,M,10,0
2004,1428,Z11,M,11,0
2004,1334,Z12,M,12,0
2004,1227,Z13,M,13,0
2004,1320,Z14,M,14,0
2004,1434,Z15,M,15,0
2004,1197,Z16a,M,16,0
2004,1250,Z16b,M,16,0
2005,1449,W01,M,1,0
2005,1448,W02,M,2,0
2005,1211,W03,M,3,0
2005,1257,W04,M,4,0
2005,1210,W05,M,5,0
2005,1403,W06,M,6,0
2005,1452,W07,M,7,0
2005,1334,W08,M,8,0
2005,1338,W09,M,9,0
2005,1166,W10,M,10,0
2005,1417,W11,M,11,0
2005,1203,W12,M,12,0
2005,1418,W13,M,13,0
2005,1457,W14,M,14,0
2005,1151,W15,M,15,0
2005,1285,W16,M,16,0
2005,1228,X01,M,1,0
2005,1329,X02,M,2,0
2005,1112,X03,M,3,0
2005,1130,X04,M,4,0
2005,1104,X05,M,5,0
2005,1261,X06,M,6,0
2005,1356,X07,M,7,0
2005,1400,X08,M,8,0
2005,1305,X09,M,9,0
2005,1388,X10,M,10,0
2005,1412,X11,M,11,0
2005,1454,X12,M,12,0
2005,1335,X13,M,13,0
2005,1429,X14,M,14,0
2005,1368,X15,M,15,0
2005,1192,X16,M,16,0
2005,1181,Y01,M,1,0
2005,1246,Y02,M,2,0
2005,1328,Y03,M,3,0
2005,1393,Y04,M,4,0
2005,1277,Y05,M,5,0
2005,1428,Y06,M,6,0
2005,1153,Y07,M,7,0
2005,1390,Y08,M,8,0
2005,1280,Y09,M,9,0
2005,1234,Y10,M,10,0
2005,1431,Y11,M,11,0
2005,1330,Y12,M,12,0
2005,1436,Y13,M,13,0
2005,1310,Y14,M,14,0
2005,1184,Y15,M,15,0
2005,1175,Y16,M,16,0
2005,1314,Z01,M,1,0
2005,1163,Z02,M,2,0
2005,1242,Z03,M,3,0
2005,1196,Z04,M,4,0
2005,1437,Z05,M,5,0
2005,1458,Z06,M,6,0
2005,1150,Z07,M,7,0
2005,1278,Z08,M,8,0
2005,1235,Z09,M,9,0
2005,1301,Z10,M,10,0
2005,1320,Z11,M,11,0
2005,1307,Z12,M,12,0
2005,1325,Z13,M,13,0
2005,1137,Z14,M,14,0
2005,1416,Z15,M,15,0
2005,1105,Z16a,M,16,0
2005,1324,Z16b,M,16,0
2006,1181,W01,M,1,0
2006,1400,W02,M,2,0
2006,1234,W03,M,3,0
2006,1261,W04,M,4,0
2006,1393,W05,M,5,0
2006,1452,W06,M,6,0
2006,1143,W07,M,7,0
2006,1203,W08,M,8,0
2006,1423,W09,M,9,0
2006,1301,W10,M,10,0
2006,1356,W11,M,11,0
2006,1401,W12,M,12,0
2006,1233,W13,M,13,0
2006,1322,W14,M,14,0
2006,1335,W15,M,15,0
2006,1380,W16,M,16,0
2006,1272,X01,M,1,0
2006,1417,X02,M,2,0
2006,1211,X03,M,3,0
2006,1242,X04,M,4,0
2006,1338,X05,M,5,0
2006,1231,X06,M,6,0
2006,1266,X07,M,7,0
2006,1116,X08,M,8,0
2006,1137,X09,M,9,0
2006,1104,X10,M,10,0
2006,1361,X11,M,11,0
2006,1245,X12,M,12,0
2006,1133,X13,M,13,0
2006,1462,X14,M,14,0
2006,1125,X15,M,15,0
2006,1331,X16,M,16,0
2006,1437,Y01,M,1,0
2006,1326,Y02,M,2,0
2006,1196,Y03,M,3,0
2006,1130,Y04,M,4,0
2006,1305,Y05,M,5,0
2006,1328,Y06,M,6,0
2006,1207,Y07,M,7,0
2006,1112,Y08,M,8,0
2006,1458,Y09,M,9,0
2006,1320,Y10,M,10,0
2006,1454,Y11,M,11,0
2006,1285,Y12,M,12,0
2006,1334,Y13,M,13,0
2006,1375,Y14,M,14,0
2006,1172,Y15,M,15,0
2006,1214,Y16a,M,16,0
2006,1284,Y16b,M,16,0
2006,1163,Z01,M,1,0
2006,1397,Z02,M,2,0
2006,1314,Z03,M,3,0
2006,1228,Z04,M,4,0
2006,1449,Z05,M,5,0
2006,1277,Z06,M,6,0
2006,1455,Z07,M,7,0
2006,1246,Z08,M,8,0
2006,1412,Z09,M,9,0
2006,1371,Z10,M,10,0
2006,1206,Z11,M,11,0
2006,1429,Z12,M,12,0
2006,1102,Z13,M,13,0
2006,1293,Z14,M,14,0
2006,1457,Z15,M,15,0
2006,1107,Z16,M,16,0
2007,1314,W01,M,1,0
2007,1207,W02,M,2,0
2007,1450,W03,M,3,0
2007,1400,W04,M,4,0
2007,1425,W05,M,5,0
2007,1435,W06,M,6,0
2007,1130,W07,M,7,0
2007,1266,W08,M,8,0
2007,1277,W09,M,9,0
2007,1403,W10,M,10,0
2007,1203,W11,M,11,0
2007,1116,W12,M,12,0
2007,1308,W13,M,13,0
2007,1331,W14,M,14,0
2007,1125,W15,M,15,0
2007,1184,W16,M,16,0
2007,1326,X01,M,1,0
2007,1272,X02,M,2,0
2007,1401,X03,M,3,0
2007,1438,X04,M,4,0
2007,1397,X05,M,5,0
2007,1257,X06,M,6,0
2007,1305,X07,M,7,0
2007,1140,X08,M,8,0
2007,1462,X09,M,9,0
2007,1166,X10,M,10,0
2007,1390,X11,M,11,0
2007,1253,X12,M,12,0
2007,1107,X13,M,13,0
2007,1335,X14,M,14,0
2007,1317,X15,M,15,0
2007,1148,X16,M,16,0
2007,1196,Y01,M,1,0
2007,1458,Y02,M,2,0
2007,1332,Y03,M,3,0
2007,1268,Y04,M,4,0
2007,1139,Y05,M,5,0
2007,1323,Y06,M,6,0
2007,1424,Y07,M,7,0
2007,1112,Y08,M,8,0
2007,1345,Y09,M,9,0
2007,1210,Y10,M,10,0
2007,1457,Y11,M,11,0
2007,1330,Y12,M,12,0
2007,1172,Y13,M,13,0
2007,1275,Y14,M,14,0
2007,1394,Y15,M,15,0
2007,1238,Y16,M,16,0
2007,1242,Z01,M,1,0
2007,1417,Z02,M,2,0
2007,1338,Z03,M,3,0
2007,1356,Z04,M,4,0
2007,1439,Z05,M,5,0
2007,1181,Z06,M,6,0
2007,1231,Z07,M,7,0
2007,1246,Z08,M,8,0
2007,1437,Z09,M,9,0
2007,1211,Z10,M,10,0
2007,1433,Z11,M,11,0
2007,1228,Z12,M,12,0
2007,1221,Z13,M,13,0
2007,1460,Z14,M,14,0
2007,1451,Z15,M,15,0
2007,1197,Z16a,M,16,0
2007,1310,Z16b,M,16,0
2008,1314,W01,M,1,0
2008,1397,W02,M,2,0
2008,1257,W03,M,3,0
2008,1450,W04,M,4,0
2008,1323,W05,M,5,0
2008,1328,W06,M,6,0
2008,1139,W07,M,7,0
2008,1231,W08,M,8,0
2008,1116,W09,M,9,0
2008,1375,W10,M,10,0
2008,1386,W11,M,11,0
2008,1206,W12,M,12,0
2008,1457,W13,M,13,0
2008,1129,W14,M,14,0
2008,1110,W15,M,15,0
2008,1164,W16a,M,16,0
2008,1291,W16b,M,16,0
2008,1242,X01,M,1,0
2008,1207,X02,M,2,0
2008,1458,X03,M,3,0
2008,1435,X04,M,4,0
2008,1155,X05,M,5,0
2008,1425,X06,M,6,0
2008,1211,X07,M,7,0
2008,1424,X08,M,8,0
2008,1245,X09,M,9,0
2008,1172,X10,M,10,0
2008,1243,X11,M,11,0
2008,1437,X12,M,12,0
2008,1373,X13,M,13,0
2008,1168,X14,M,14,0
2008,1420,X15,M,15,0
2008,1340,X16,M,16,0
2008,1272,Y01,M,1,0
2008,1400,Y02,M,2,0
2008,1390,Y03,M,3,0
2008,1338,Y04,M,4,0
2008,1277,Y05,M,5,0
2008,1266,Y06,M,6,0
2008,1274,Y07,M,7,0
2008,1280,Y08,M,8,0
2008,1332,Y09,M,9,0
2008,1388,Y10,M,10,0
2008,1246,Y11,M,11,0
2008,1396,Y12,M,12,0
2008,1331,Y13,M,13,0
2008,1165,Y14,M,14,0
2008,1122,Y15,M,15,0
2008,1426,Y16,M,16,0
2008,1417,Z01,M,1,0
2008,1181,Z02,M,2,0
2008,1462,Z03,M,3,0
2008,1163,Z04,M,4,0
2008,1179,Z05,M,5,0
2008,1345,Z06,M,6,0
2008,1452,Z07,M,7,0
2008,1140,Z08,M,8,0
2008,1401,Z09,M,9,0
2008,1112,Z10,M,10,0
2008,1124,Z11,M,11,0
2008,1443,Z12,M,12,0
2008,1360,Z13,M,13,0
2008,1208,Z14,M,14,0
2008,1125,Z15,M,15,0
2008,1290,Z16,M,16,0
2009,1338,W01,M,1,0
2009,1181,W02,M,2,0
2009,1437,W03,M,3,0
2009,1462,W04,M,4,0
2009,1199,W05,M,5,0
2009,1417,W06,M,6,0
2009,1400,W07,M,7,0
2009,1329,W08,M,8,0
2009,1397,W09,M,9,0
2009,1278,W10,M,10,0
2009,1433,W11,M,11,0
2009,1458,W12,M,12,0
2009,1340,W13,M,13,0
2009,1110,W14,M,14,0
2009,1127,W15,M,15,0
2009,1190,W16,M,16,0
2009,1314,X01,M,1,0
2009,1328,X02,M,2,0
2009,1393,X03,M,3,0
2009,1211,X04,M,4,0
2009,1228,X05,M,5,0
2009,1113,X06,M,6,0
2009,1155,X07,M,7,0
2009,1261,X08,M,8,0
2009,1139,X09,M,9,0
2009,1276,X10,M,10,0
2009,1396,X11,M,11,0
2009,1443,X12,M,12,0
2009,1103,X13,M,13,0
2009,1372,X14,M,14,0
2009,1288,X15,M,15,0
2009,1347,X16,M,16,0
2009,1257,Y01,M,1,0
2009,1277,Y02,M,2,0
2009,1242,Y03,M,3,0
2009,1448,Y04,M,4,0
2009,1428,Y05,M,5,0
2009,1452,Y06,M,6,0
2009,1130,Y07,M,7,0
2009,1326,Y08,M,8,0
2009,1373,Y09,M,9,0
2009,1425,Y10,M,10,0
2009,1173,Y11,M,11,0
2009,1112,Y12,M,12,0
2009,1156,Y13,M,13,0
2009,1295,Y14,M,14,0
2009,1352,Y15,M,15,0
2009,1106,Y16a,M,16,0
2009,1287,Y16b,M,16,0
2009,1163,Z01,M,1,0
2009,1272,Z02,M,2,0
2009,1281,Z03,M,3,0
2009,1449,Z04,M,4,0
2009,1345,Z05,M,5,0
2009,1266,Z06,M,6,0
2009,1143,Z07,M,7,0
2009,1140,Z08,M,8,0
2009,1401,Z09,M,9,0
2009,1268,Z10,M,10,0
2009,1429,Z11,M,11,0
2009,1320,Z12,M,12,0
2009,1280,Z13,M,13,0
2009,1165,Z14,M,14,0
2009,1169,Z15,M,15,0
2009,1151,Z16,M,16,0
2010,1246,W01,M,1,0
2010,1452,W02,M,2,0
2010,1307,W03,M,3,0
2010,1458,W04,M,4,0
2010,1396,W05,M,5,0
2010,1266,W06,M,6,0
2010,1155,W07,M,7,0
2010,1400,W08,M,8,0
2010,1448,W09,M,9,0
2010,1281,W10,M,10,0
2010,1449,W11,M,11,0
2010,1165,W12,M,12,0
2010,1459,W13,M,13,0
2010,1285,W14,M,14,0
2010,1288,W15,M,15,0
2010,1190,W16,M,16,0
2010,1181,X01,M,1,0
2010,1437,X02,M,2,0
2010,1124,X03,M,3,0
2010,1345,X04,M,4,0
2010,1401,X05,M,5,0
2010,1323,X06,M,6,0
2010,1350,X07,M,7,0
2010,1143,X08,M,8,0
2010,1257,X09,M,9,0
2010,1388,X10,M,10,0
2010,1330,X11,M,11,0
2010,1429,X12,M,12,0
2010,1373,X13,M,13,0
2010,1358,X14,M,14,0
2010,1352,X15,M,15,0
2010,1115,X16a,M,16,0
2010,1457,X16b,M,16,0
2010,1242,Y01,M,1,0
2010,1326,Y02,M,2,0
2010,1207,Y03,M,3,0
2010,1268,Y04,M,4,0
2010,1277,Y05,M,5,0
2010,1397,Y06,M,6,0
2010,1329,Y07,M,7,0
2010,1424,Y08,M,8,0
2010,1320,Y09,M,9,0
2010,1210,Y10,M,10,0
2010,1361,Y11,M,11,0
2010,1308,Y12,M,12,0
2010,1222,Y13,M,13,0
2010,1325,Y14,M,14,0
2010,1364,Y15,M,15,0
2010,1250,Y16,M,16,0
2010,1393,Z01,M,1,0
2010,1243,Z02,M,2,0
2010,1338,Z03,M,3,0
2010,1435,Z04,M,4,0
2010,1139,Z05,M,5,0
2010,1462,Z06,M,6,0
2010,1140,Z07,M,7,0
2010,1211,Z08,M,8,0
2010,1199,Z09,M,9,0
2010,1196,Z10,M,10,0
2010,1278,Z11,M,11,0
2010,1431,Z12,M,12,0
2010,1293,Z13,M,13,0
2010,1324,Z14,M,14,0
2010,1317,Z15,M,15,0
2010,1436,Z16,M,16,0
2011,1326,W01,M,1,0
2011,1314,W02,M,2,0
2011,1393,W03,M,3,0
2011,1246,W04,M,4,0
2011,1452,W05,M,5,0
2011,1462,W06,M,6,0
2011,1449,W07,M,7,0
2011,1206,W08,M,8,0
2011,1437,W09,M,9,0
2011,1208,W10,M,10,0
2011,1266,W11,M,11,0
2011,1155,W12a,M,12,0
2011,1412,W12b,M,12,0
2011,1343,W13,M,13,0
2011,1232,W14,M,14,0
2011,1254,W15,M,15,0
2011,1106,W16a,M,16,0
2011,1427,W16b,M,16,0
2011,1181,X01,M,1,0
2011,1361,X02,M,2,0
2011,1163,X03,M,3,0
2011,1400,X04,M,4,0
2011,1112,X05,M,5,0
2011,1153,X06,M,6,0
2011,1396,X07,M,7,0
2011,1276,X08,M,8,0
2011,1397,X09,M,9,0
2011,1336,X10,M,10,0
2011,1281,X11,M,11,0
2011,1272,X12,M,12,0
2011,1324,X13,M,13,0
2011,1137,X14,M,14,0
2011,1294,X15,M,15,0
2011,1214,X16,M,16,0
2011,1338,Y01,M,1,0
2011,1196,Y02,M,2,0
2011,1140,Y03,M,3,0
2011,1458,Y04,M,4,0
2011,1243,Y05,M,5,0
2011,1385,Y06,M,6,0
2011,1417,Y07,M,7,0
2011,1139,Y08,M,8,0
2011,1330,Y09,M,9,0
2011,1277,Y10,M,10,0
2011,1211,Y11,M,11,0
2011,1429,Y12,M,12,0
2011,1125,Y13,M,13,0
2011,1459,Y14,M,14,0
2011,1364,Y15,M,15,0
2011,1114,Y16a,M,16,0
2011,1421,Y16b,M,16,0
2011,1242,Z01,M,1,0
2011,1323,Z02,M,2,0
2011,1345,Z03,M,3,0
2011,1257,Z04,M,4,0
2011,1435,Z05,M,5,0
2011,1207,Z06,M,6,0
2011,1401,Z07,M,7,0
2011,1424,Z08,M,8,0
2011,1228,Z09,M,9,0
2011,1199,Z10,M,10,0
2011,1425,Z11a,M,11,0
2011,1433,Z11b,M,11,0
2011,1350,Z12,M,12,0
2011,1287,Z13,M,13,0
2011,1389,Z14,M,14,0
2011,1103,Z15,M,15,0
2011,1131,Z16,M,16,0
2012,1393,W01,M,1,0
2012,1326,W02,M,2,0
2012,1199,W03,M,3,0
2012,1458,W04,M,4,0
2012,1435,W05,M,5,0
2012,1153,W06,M,6,0
2012,1211,W07,M,7,0
2012,1243,W08,M,8,0
2012,1379,W09,M,9,0
2012,1452,W10,M,10,0
2012,1400,W11,M,11,0
2012,1217,W12,M,12,0
2012,1285,W13,M,13,0
2012,1382,W14,M,14,0
2012,1259,W15,M,15,0
2012,1421,W16,M,16,0
2012,1314,X01,M,1,0
2012,1242,X02,M,2,0
2012,1207,X03,M,3,0
2012,1276,X04,M,4,0
2012,1396,X05,M,5,0
2012,1361,X06,M,6,0
2012,1388,X07,M,7,0
2012,1166,X08,M,8,0
2012,1104,X09,M,9,0
2012,1345,X10,M,10,0
2012,1301,X11,M,11,0
2012,1143,X12a,M,12,0
2012,1378,X12b,M,12,0
2012,1325,X13,M,13,0
2012,1125,X14,M,14,0
2012,1178,X15,M,15,0
2012,1249,X16a,M,16,0
2012,1436,X16b,M,16,0
2012,1246,Y01,M,1,0
2012,1181,Y02,M,2,0
2012,1124,Y03,M,3,0
2012,1231,Y04,M,4,0
2012,1455,Y05,M,5,0
2012,1424,Y06,M,6,0
2012,1323,Y07,M,7,0
2012,1235,Y08,M,8,0
2012,1163,Y09,M,9,0
2012,1462,Y10,M,10,0
2012,1160,Y11,M,11,0
2012,1433,Y12,M,12,0
2012,1308,Y13,M,13,0
2012,1355,Y14,M,14,0
2012,1250,Y15,M,15,0
2012,1290,Y16a,M,16,0
2012,1443,Y16b,M,16,0
2012,1277,Z01,M,1,0
2012,1281,Z02,M,2,0
2012,1266,Z03,M,3,0
2012,1257,Z04,M,4,0
2012,1307,Z05,M,5,0
2012,1293,Z06,M,6,0
2012,1196,Z07,M,7,0
2012,1272,Z08,M,8,0
2012,1387,Z09,M,9,0
2012,1438,Z10,M,10,0
2012,1161,Z11,M,11,0
2012,1253,Z12,M,12,0
2012,1172,Z13,M,13,0
2012,1140,Z14a,M,14,0
2012,1233,Z14b,M,14,0
2012,1313,Z15,M,15,0
2012,1254,Z16,M,16,0
2013,1231,W01,M,1,0
2013,1274,W02,M,2,0
2013,1266,W03,M,3,0
2013,1393,W04,M,4,0
2013,1424,W05,M,5,0
2013,1139,W06,M,6,0
2013,1228,W07,M,7,0
2013,1301,W08,M,8,0
2013,1396,W09,M,9,0
2013,1160,W10,M,10,0
2013,1137,W11,M,11,0
2013,1143,W12,M,12,0
2013,1285,W13,M,13,0
2013,1172,W14,M,14,0
2013,1334,W15,M,15,0
2013,1241,W16a,M,16,0
2013,1254,W16b,M,16,0
2013,1242,X01,M,1,0
2013,1207,X02,M,2,0
2013,1196,X03,M,3,0
2013,1276,X04,M,4,0
2013,1433,X05,M,5,0
2013,1417,X06,M,6,0
2013,1361,X07,M,7,0
2013,1314,X08,M,8,0
2013,1437,X09,M,9,0
2013,1328,X10,M,10,0
2013,1278,X11,M,11,0
2013,1103,X12,M,12,0
2013,1355,X13,M,13,0
2013,1322,X14,M,14,0
2013,1195,X15,M,15,0
2013,1443,X16,M,16,0
2013,1257,Y01,M,1,0
2013,1181,Y02,M,2,0
2013,1277,Y03,M,3,0
2013,1387,Y04,M,4,0
2013,1329,Y05,M,5,0
2013,1272,Y06,M,6,0
2013,1166,Y07,M,7,0
2013,1161,Y08,M,8,0
2013,1281,Y09,M,9,0
2013,1153,Y10,M,10,0
2013,1292,Y11a,M,11,0
2013,1388,Y11b,M,11,0
2013,1332,Y12,M,12,0
2013,1308,Y13,M,13,0
2013,1434,Y14,M,14,0
2013,1107,Y15,M,15,0
2013,1251,Y16a,M,16,0
2013,1299,Y16b,M,16,0
2013,1211,Z01,M,1,0
2013,1326,Z02,M,2,0
2013,1307,Z03,M,3,0
2013,1243,Z04,M,4,0
2013,1458,Z05,M,5,0
2013,1112,Z06,M,6,0
2013,1323,Z07,M,7,0
2013,1338,Z08,M,8,0
2013,1455,Z09,M,9,0
2013,1235,Z10,M,10,0
2013,1125,Z11,M,11,0
2013,1279,Z12,M,12,0
2013,1129,Z13a,M,13,0
2013,1247,Z13b,M,13,0
2013,1217,Z14,M,14,0
2013,1233,Z15,M,15,0
2013,1380,Z16,M,16,0
2014,1438,W01,M,1,0
2014,1437,W02,M,2,0
2014,1235,W03,M,3,0
2014,1277,W04,M,4,0
2014,1153,W05,M,5,0
2014,1314,W06,M,6,0
2014,1163,W07,M,7,0
2014,1272,W08,M,8,0
2014,1203,W09,M,9,0
2014,1386,W10,M,10,0
2014,1344,W11,M,11,0
2014,1217,W12,M,12,0
2014,1174,W13,M,13,0
2014,1300,W14,M,14,0
2014,1454,W15,M,15,0
2014,1157,W16,M,16,0
2014,1196,X01,M,1,0
2014,1242,X02,M,2,0
2014,1393,X03,M,3,0
2014,1417,X04,M,4,0
2014,1433,X05,M,5,0
2014,1326,X06,M,6,0
2014,1307,X07,M,7,0
2014,1160,X08,M,8,0
2014,1338,X09,M,9,0
2014,1390,X10,M,10,0
2014,1173,X11,M,11,0
2014,1372,X12,M,12,0
2014,1409,X13,M,13,0
2014,1444,X14,M,14,0
2014,1184,X15,M,15,0
2014,1107,X16a,M,16,0
2014,1291,X16b,M,16,0
2014,1455,Y01,M,1,0
2014,1276,Y02,M,2,0
2014,1181,Y03,M,3,0
2014,1257,Y04,M,4,0
2014,1387,Y05,M,5,0
2014,1269,Y06,M,6,0
2014,1400,Y07,M,7,0
2014,1246,Y08,M,8,0
2014,1243,Y09,M,9,0
2014,1113,Y10,M,10,0
2014,1234,Y11a,M,11,0
2014,1397,Y11b,M,11,0
2014,1301,Y12a,M,12,0
2014,1462,Y12b,M,12,0
2014,1264,Y13,M,13,0
2014,1273,Y14,M,14,0
2014,1459,Y15,M,15,0
2014,1142,Y16a,M,16,0
2014,1411,Y16b,M,16,0
2014,1112,Z01,M,1,0
2014,1458,Z02,M,2,0
2014,1166,Z03,M,3,0
2014,1361,Z04,M,4,0
2014,1328,Z05,M,5,0
2014,1124,Z06,M,6,0
2014,1332,Z07,M,7,0
2014,1211,Z08,M,8,0
2014,1329,Z09,M,9,0
2014,1140,Z10,M,10,0
2014,1304,Z11,M,11,0
2014,1295,Z12,M,12,0
2014,1308,Z13,M,13,0
2014,1418,Z14,M,14,0
2014,1110,Z15,M,15,0
2014,1451,Z16,M,16,0
2015,1437,W01,M,1,0
2015,1438,W02,M,2,0
2015,1328,W03,M,3,0
2015,1257,W04,M,4,0
2015,1320,W05,M,5,0
2015,1344,W06,M,6,0
2015,1277,W07,M,7,0
2015,1301,W08,M,8,0
2015,1261,W09,M,9,0
2015,1208,W10,M,10,0
2015,1129,W11a,M,11,0
2015,1173,W11b,M,11,0
2015,1461,W12,M,12,0
2015,1414,W13,M,13,0
2015,1107,W14,M,14,0
2015,1125,W15,M,15,0
2015,1248,W16,M,16,0
2015,1181,X01,M,1,0
2015,1211,X02,M,2,0
2015,1235,X03,M,3,0
2015,1207,X04,M,4,0
2015,1428,X05,M,5,0
2015,1374,X06,M,6,0
2015,1234,X07,M,7,0
2015,1361,X08,M,8,0
2015,1385,X09,M,9,0
2015,1172,X10,M,10,0
2015,1417,X11,M,11,0
2015,1372,X12,M,12,0
2015,1186,X13,M,13,0
2015,1412,X14,M,14,0
2015,1295,X15,M,15,0
2015,1316,X16a,M,16,0
2015,1352,X16b,M,16,0
2015,1246,Y01,M,1,0
2015,1242,Y02,M,2,0
2015,1323,Y03,M,3,0
2015,1268,Y04,M,4,0
2015,1452,Y05,M,5,0
2015,1139,Y06,M,6,0
2015,1455,Y07,M,7,0
2015,1153,Y08,M,8,0
2015,1345,Y09,M,9,0
2015,1231,Y10,M,10,0
2015,1400,Y11,M,11,0
2015,1138,Y12,M,12,0
2015,1434,Y13,M,13,0
2015,1318,Y14,M,14,0
2015,1308,Y15,M,15,0
2015,1214,Y16a,M,16,0
2015,1264,Y16b,M,16,0
2015,1458,Z01,M,1,0
2015,1112,Z02,M,2,0
2015,1124,Z03,M,3,0
2015,1314,Z04,M,4,0
2015,1116,Z05,M,5,0
2015,1462,Z06,M,6,0
2015,1433,Z07,M,7,0
2015,1332,Z08,M,8,0
2015,1329,Z09,M,9,0
2015,1326,Z10,M,10,0
2015,1140,Z11a,M,11,0
2015,1279,Z11b,M,11,0
2015,1459,Z12,M,12,0
2015,1217,Z13,M,13,0
2015,1209,Z14,M,14,0
2015,1411,Z15,M,15,0
2015,1157,Z16,M,16,0
2016,1314,W01,M,1,0
2016,1462,W02,M,2,0
2016,1452,W03,M,3,0
2016,1246,W04,M,4,0
2016,1231,W05,M,5,0
2016,1323,W06,M,6,0
2016,1458,W07,M,7,0
2016,1425,W08,M,8,0
2016,1344,W09,M,9,0
2016,1338,W10,M,10,0
2016,1276,W11a,M,11,0
2016,1409,W11b,M,11,0
2016,1151,W12,M,12,0
2016,1392,W13,M,13,0
2016,1372,W14,M,14,0
2016,1451,W15,M,15,0
2016,1192,W16a,M,16,0
2016,1195,W16b,M,16,0
2016,1438,X01,M,1,0
2016,1277,X02,M,2,0
2016,1428,X03,M,3,0
2016,1235,X04,M,4,0
2016,1345,X05,M,5,0
2016,1371,X06,M,6,0
2016,1173,X07,M,7,0
2016,1403,X08,M,8,0
2016,1139,X09,M,9,0
2016,1393,X10,M,10,0
2016,1211,X11,M,11,0
2016,1114,X12,M,12,0
2016,1233,X13,M,13,0
2016,1201,X14,M,14,0
2016,1292,X15,M,15,0
2016,1214,X16,M,16,0
2016,1242,Y01,M,1,0
2016,1437,Y02,M,2,0
2016,1274,Y03,M,3,0
2016,1143,Y04,M,4,0
2016,1268,Y05,M,5,0
2016,1112,Y06,M,6,0
2016,1234,Y07,M,7,0
2016,1160,Y08,M,8,0
2016,1163,Y09,M,9,0
2016,1396,Y10,M,10,0
2016,1435,Y11a,M,11,0
2016,1455,Y11b,M,11,0
2016,1355,Y12,M,12,0
2016,1218,Y13,M,13,0
2016,1138,Y14,M,14,0
2016,1421,Y15,M,15,0
2016,1122,Y16,M,16,0
2016,1332,Z01,M,1,0
2016,1328,Z02,M,2,0
2016,1401,Z03,M,3,0
2016,1181,Z04,M,4,0
2016,1124,Z05,M,5,0
2016,1400,Z06,M,6,0
2016,1333,Z07,M,7,0
2016,1386,Z08,M,8,0
2016,1153,Z09,M,9,0
2016,1433,Z10,M,10,0
2016,1320,Z11,M,11,0
2016,1463,Z12,M,12,0
2016,1423,Z13,M,13,0
2016,1453,Z14,M,14,0
2016,1167,Z15,M,15,0
2016,1221,Z16a,M,16,0
2016,1380,Z16b,M,16,0
2017,1437,W01,M,1,0
2017,1181,W02,M,2,0
2017,1124,W03,M,3,0
2017,1196,W04,M,4,0
2017,1438,W05,M,5,0
2017,1374,W06,M,6,0
2017,1376,W07,M,7,0
2017,1458,W08,M,8,0
2017,1439,W09,M,9,0
2017,1266,W10,M,10,0
2017,1344,W11a,M,11,0
2017,1425,W11b,M,11,0
2017,1423,W12,M,12,0
2017,1190,W13,M,13,0
2017,1308,W14,M,14,0
2017,1407,W15,M,15,0
2017,1291,W16a,M,16,0
2017,1309,W16b,M,16,0
2017,1211,X01,M,1,0
2017,1112,X02,M,2,0
2017,1199,X03,M,3,0
2017,1452,X04,M,4,0
2017,1323,X05,M,5,0
2017,1268,X06,M,6,0
2017,1388,X07,M,7,0
2017,1321,X08,M,8,0
2017,1435,X09,M,9,0
2017,1433,X10,M,10,0
2017,1462,X11,M,11,0
2017,1343,X12,M,12,0
2017,1137,X13,M,13,0
2017,1195,X14,M,14,0
2017,1315,X15,M,15,0
2017,1355,X16,M,16,0
2017,1242,Y01,M,1,0
2017,1257,Y02,M,2,0
2017,1332,Y03,M,3,0
2017,1345,Y04,M,4,0
2017,1235,Y05,M,5,0
2017,1166,Y06,M,6,0
2017,1276,Y07,M,7,0
2017,1274,Y08,M,8,0
2017,1277,Y09,M,9,0
2017,1329,Y10,M,10,0
2017,1348,Y11,M,11,0
2017,1305,Y12,M,12,0
2017,1436,Y13,M,13,0
2017,1233,Y14,M,14,0
2017,1240,Y15,M,15,0
2017,1300,Y16a,M,16,0
2017,1413,Y16b,M,16,0
2017,1314,Z01,M,1,0
2017,1246,Z02,M,2,0
2017,1417,Z03,M,3,0
2017,1139,Z04,M,4,0
2017,1278,Z05,M,5,0
2017,1153,Z06,M,6,0
2017,1173,Z07,M,7,0
2017,1116,Z08,M,8,0
2017,1371,Z09,M,9,0
2017,1455,Z10,M,10,0
2017,1243,Z11a,M,11,0
2017,1448,Z11b,M,11,0
2017,1292,Z12,M,12,0
2017,1457,Z13,M,13,0
2017,1245,Z14,M,14,0
2017,1297,Z15,M,15,0
2017,1411,Z16,M,16,0
2018,1437,W01,M,1,0
2018,1345,W02,M,2,0
2018,1403,W03,M,3,0
2018,1455,W04,M,4,0
2018,1452,W05,M,5,0
2018,1196,W06,M,6,0
2018,1116,W07,M,7,0
2018,1439,W08,M,8,0
2018,1104,W09,M,9,0
2018,1139,W10,M,10,0
2018,1382,W11a,M,11,0
2018,1417,W11b,M,11,0
2018,1293,W12,M,12,0
2018,1267,W13,M,13,0
2018,1372,W14,M,14,0
2018,1168,W15,M,15,0
2018,1254,W16a,M,16,0
2018,1347,W16b,M,16,0
2018,1242,X01,M,1,0
2018,1181,X02,M,2,0
2018,1277,X03,M,3,0
2018,1120,X04,M,4,0
2018,1155,X05,M,5,0
2018,1395,X06,M,6,0
2018,1348,X07,M,7,0
2018,1371,X08,M,8,0
2018,1301,X09,M,9,0
2018,1328,X10,M,10,0
2018,1113,X11a,M,11,0
2018,1393,X11b,M,11,0
2018,1308,X12,M,12,0
2018,1158,X13,M,13,0
2018,1137,X14,M,14,0
2018,1233,X15,M,15,0
2018,1335,X16,M,16,0
2018,1438,Y01,M,1,0
2018,1153,Y02,M,2,0
2018,1397,Y03,M,3,0
2018,1112,Y04,M,4,0
2018,1246,Y05,M,5,0
2018,1274,Y06,M,6,0
2018,1305,Y07,M,7,0
2018,1166,Y08,M,8,0
2018,1243,Y09,M,9,0
2018,1400,Y10,M,10,0
2018,1260,Y11,M,11,0
2018,1172,Y12,M,12,0
2018,1138,Y13,M,13,0
2018,1460,Y14,M,14,0
2018,1209,Y15,M,15,0
2018,1420,Y16,M,16,0
2018,1462,Z01,M,1,0
2018,1314,Z02,M,2,0
2018,1276,Z03,M,3,0
2018,1211,Z04,M,4,0
2018,1326,Z05,M,5,0
2018,1222,Z06,M,6,0
2018,1401,Z07,M,7,0
2018,1281,Z08,M,8,0
2018,1199,Z09,M,9,0
2018,1344,Z10,M,10,0
2018,1361,Z11,M,11,0
2018,1355,Z12,M,12,0
2018,1422,Z13,M,13,0
2018,1285,Z14,M,14,0
2018,1252,Z15,M,15,0
2018,1300,Z16a,M,16,0
2018,1411,Z16b,M,16,0
2019,1181,W01,M,1,0
2019,1277,W02,M,2,0
2019,1261,W03,M,3,0
2019,1439,W04,M,4,0
2019,1280,W05,M,5,0
2019,1268,W06,M,6,0
2019,1257,W07,M,7,0
2019,1433,W08,M,8,0
2019,1416,W09,M,9,0
2019,1278,W10,M,10,0
2019,1125,W11a,M,11,0
2019,1396,W11b,M,11,0
2019,1251,W12,M,12,0
2019,1387,W13,M,13,0
2019,1463,W14,M,14,0
2019,1133,W15,M,15,0
2019,1295,W16a,M,16,0
2019,1300,W16b,M,16,0
2019,1211,X01,M,1,0
2019,1276,X02,M,2,0
2019,1403,X03,M,3,0
2019,1199,X04,M,4,0
2019,1266,X05,M,5,0
2019,1138,X06,M,6,0
2019,1305,X07,M,7,0
2019,1393,X08,M,8,0
2019,1124,X09,M,9,0
2019,1196,X10,M,10,0
2019,1113,X11a,M,11,0
2019,1385,X11b,M,11,0
2019,1293,X12,M,12,0
2019,1436,X13,M,13,0
2019,1297,X14,M,14,0
2019,1285,X15,M,15,0
2019,1192,X16a,M,16,0
2019,1341,X16b,M,16,0
2019,1314,Y01,M,1,0
2019,1246,Y02,M,2,0
2019,1222,Y03,M,3,0
2019,1242,Y04,M,4,0
2019,1120,Y05,M,5,0
2019,1235,Y06,M,6,0
2019,1459,Y07,M,7,0
2019,1429,Y08,M,8,0
2019,1449,Y09,M,9,0
2019,1371,Y10,M,10,0
2019,1326,Y11,M,11,0
2019,1308,Y12,M,12,0
2019,1318,Y13,M,13,0
2019,1209,Y14,M,14,0
2019,1101,Y15,M,15,0
2019,1233,Y16,M,16,0
2019,1438,Z01,M,1,0
2019,1397,Z02,M,2,0
2019,1345,Z03,M,3,0
2019,1243,Z04,M,4,0
2019,1458,Z05,M,5,0
2019,1437,Z06,M,6,0
2019,1153,Z07,M,7,0
2019,1279,Z08,M,8,0
2019,1328,Z09,M,9,0
2019,1234,Z10,M,10,0
2019,1388,Z11,M,11,0
2019,1332,Z12,M,12,0
2019,1414,Z13,M,13,0
2019,1330,Z14,M,14,0
2019,1159,Z15,M,15,0
2019,1205,Z16,M,16,0
2021,1276,W01,M,1,0
2021,1104,W02,M,2,0
2021,1400,W03,M,3,0
2021,1199,W04,M,4,0
2021,1160,W05,M,5,0
2021,1140,W06,M,6,0
2021,1163,W07,M,7,0
2021,1261,W08,M,8,0
2021,1382,W09,M,9,0
2021,1268,W10,M,10,0
2021,1277,W11a,M,11,0
2021,1417,W11b,M,11,0
2021,1207,W12,M,12,0
2021,1422,W13,M,13,0
2021,1101,W14,M,14,0
2021,1233,W15,M,15,0
2021,1291,W16a,M,16,0
2021,1411,W16b,M,16,0
2021,1211,X01,M,1,0
2021,1234,X02,M,2,0
2021,1242,X03,M,3,0
2021,1438,X04,M,4,0
2021,1166,X05,M,5,0
2021,1425,X06,M,6,0
2021,1332,X07,M,7,0
2021,1328,X08,M,8,0
2021,1281,X09,M,9,0
2021,1433,X10,M,10,0
2021,1179,X11a,M,11,0
2021,1455,X11b,M,11,0
2021,1364,X12,M,12,0
2021,1325,X13,M,13,0
2021,1186,X14,M,14,0
2021,1213,X15,M,15,0
2021,1111,X16a,M,16,0
2021,1313,X16b,M,16,0
2021,1228,Y01,M,1,0
2021,1222,Y02,M,2,0
2021,1452,Y03,M,3,0
2021,1329,Y04,M,4,0
2021,1397,Y05,M,5,0
2021,1361,Y06,M,6,0
2021,1155,Y07,M,7,0
2021,1260,Y08,M,8,0
2021,1210,Y09,M,9,0
2021,1353,Y10,M,10,0
2021,1393,Y11,M,11,0
2021,1333,Y12,M,12,0
2021,1251,Y13,M,13,0
2021,1287,Y14,M,14,0
2021,1156,Y15,M,15,0
2021,1180,Y16,M,16,0
2021,1124,Z01,M,1,0
2021,1326,Z02,M,2,0
2021,1116,Z03,M,3,0
2021,1345,Z04,M,4,0
2021,1437,Z05,M,5,0
2021,1403,Z06,M,6,0
2021,1196,Z07,M,7,0
2021,1314,Z08,M,8,0
2021,1458,Z09,M,9,0
2021,1439,Z10,M,10,0
2021,1429,Z11,M,11,0
2021,1457,Z12,M,12,0
2021,1317,Z13,M,13,0
2021,1159,Z14,M,14,0
2021,1331,Z15,M,15,0
2021,1216,Z16,M,16,0
2022,1124,W01,M,1,0
2022,1246,W02,M,2,0
2022,1345,W03,M,3,0
2022,1417,W04,M,4,0
2022,1388,W05,M,5,0
2022,1400,W06,M,6,0
2022,1293,W07,M,7,0
2022,1314,W08,M,8,0
2022,1266,W09,M,9,0
2022,1362,W10,M,10,0
2022,1439,W11,M,11,0
2022,1231,W12a,M,12,0
2022,1461,W12b,M,12,0
2022,1103,W13,M,13,0
2022,1463,W14,M,14,0
2022,1389,W15,M,15,0
2022,1313,W16,M,16,0
2022,1211,X01,M,1,0
2022,1181,X02,M,2,0
2022,1403,X03,M,3,0
2022,1116,X04,M,4,0
2022,1163,X05,M,5,0
2022,1104,X06,M,6,0
2022,1277,X07,M,7,0
2022,1129,X08,M,8,0
2022,1272,X09,M,9,0
2022,1172,X10,M,10,0
2022,1323,X11a,M,11,0
2022,1353,X11b,M,11,0
2022,1308,X12,M,12,0
2022,1436,X13,M,13,0
2022,1286,X14,M,14,0
2022,1168,X15,M,15,0
2022,1209,X16,M,16,0
2022,1242,Y01,M,1,0
2022,1120,Y02,M,2,0
2022,1458,Y03,M,3,0
2022,1344,Y04,M,4,0
2022,1234,Y05,M,5,0
2022,1261,Y06,M,6,0
2022,1425,Y07,M,7,0
2022,1361,Y08,M,8,0
2022,1166,Y09,M,9,0
2022,1274,Y10,M,10,0
2022,1235,Y11,M,11,0
2022,1350,Y12,M,12,0
2022,1355,Y13,M,13,0
2022,1159,Y14,M,14,0
2022,1240,Y15,M,15,0
2022,1394,Y16a,M,16,0
2022,1411,Y16b,M,16,0
2022,1112,Z01,M,1,0
2022,1437,Z02,M,2,0
2022,1397,Z03,M,3,0
2022,1228,Z04,M,4,0
2022,1222,Z05,M,5,0
2022,1161,Z06,M,6,0
2022,1326,Z07,M,7,0
2022,1371,Z08,M,8,0
2022,1395,Z09,M,9,0
2022,1260,Z10,M,10,0
2022,1276,Z11,M,11,0
2022,1412,Z12,M,12,0
2022,1151,Z13,M,13,0
2022,1255,Z14,M,14,0
2022,1174,Z15,M,15,0
2022,1136,Z16a,M,16,0
2022,1460,Z16b,M,16,0
2023,1345,W01,M,1,0
2023,1266,W02,M,2,0
2023,1243,W03,M,3,0
2023,1397,W04,M,4,0
2023,1181,W05,M,5,0
2023,1246,W06,M,6,0
2023,1277,W07,M,7,0
2023,1272,W08,M,8,0
2023,1194,W09,M,9,0
2023,1425,W10,M,10,0
2023,1344,W11,M,11,0
2023,1331,W12,M,12,0
2023,1418,W13,M,13,0
2023,1286,W14,M,14,0
2023,1436,W15,M,15,0
2023,1192,W16a,M,16,0
2023,1411,W16b,M,16,0
2023,1104,X01,M,1,0
2023,1112,X02,M,2,0
2023,1124,X03,M,3,0
2023,1438,X04,M,4,0
2023,1361,X05,M,5,0
2023,1166,X06,M,6,0
2023,1281,X07,M,7,0
2023,1268,X08,M,8,0
2023,1452,X09,M,9,0
2023,1429,X10,M,10,0
2023,1301,X11,M,11,0
2023,1158,X12,M,12,0
2023,1202,X13,M,13,0
2023,1364,X14,M,14,0
2023,1343,X15,M,15,0
2023,1369,X16a,M,16,0
2023,1394,X16b,M,16,0
2023,1222,Y01,M,1,0
2023,1400,Y02,M,2,0
2023,1462,Y03,M,3,0
2023,1231,Y04,M,4,0
2023,1274,Y05,M,5,0
2023,1235,Y06,M,6,0
2023,1401,Y07,M,7,0
2023,1234,Y08,M,8,0
2023,1120,Y09,M,9,0
2023,1336,Y10,M,10,0
2023,1280,Y11a,M,11,0
2023,1338,Y11b,M,11,0
2023,1179,Y12,M,12,0
2023,1245,Y13,M,13,0
2023,1244,Y14,M,14,0
2023,1159,Y15,M,15,0
2023,1297,Y16,M,16,0
2023,1242,Z01,M,1,0
2023,1417,Z02,M,2,0
2023,1211,Z03,M,3,0
2023,1163,Z04,M,4,0
2023,1388,Z05,M,5,0
2023,1395,Z06,M,6,0
2023,1321,Z07,M,7,0
2023,1116,Z08,M,8,0
2023,1228,Z09,M,9,0
2023,1129,Z10,M,10,0
2023,1113,Z11a,M,11,0
2023,1305,Z11b,M,11,0
2023,1433,Z12,M,12,0
2023,1233,Z13,M,13,0
2023,1213,Z14,M,14,0
2023,1421,Z15,M,15,0
2023,1224,Z16,M,16,0
2024,1163,W01,M,1,0
2024,1235,W02,M,2,0
2024,1228,W03,M,3,0
2024,1120,W04,M,4,0
2024,1361,W05,M,5,0
2024,1140,W06,M,6,0
2024,1450,W07,M,7,0
2024,1194,W08,M,8,0
2024,1321,W09,M,9,0
2024,1179,W10,M,10,0
2024,1182,W11,M,11,0
2024,1412,W12,M,12,0
2024,1463,W13,M,13,0
2024,1287,W14,M,14,0
2024,1355,W15,M,15,0
2024,1391,W16,M,16,0
2024,1314,X01,M,1,0
2024,1112,X02,M,2,0
2024,1124,X03,M,3,0
2024,1104,X04,M,4,0
2024,1388,X05,M,5,0
2024,1155,X06,M,6,0
2024,1173,X07,M,7,0
2024,1280,X08,M,8,0
2024,1277,X09,M,9,0
2024,1305,X10,M,10,0
2024,1307,X11,M,11,0
2024,1213,X12,M,12,0
2024,1158,X13,M,13,0
2024,1159,X14,M,14,0
2024,1253,X15,M,15,0
2024,1224,X16a,M,16,0
2024,1447,X16b,M,16,0
2024,1345,Y01,M,1,0
2024,1397,Y02,M,2,0
2024,1166,Y03,M,3,0
2024,1242,Y04,M,4,0
2024,1211,Y05,M,5,0
2024,1376,Y06,M,6,0
2024,1400,Y07,M,7,0
2024,1429,Y08,M,8,0
2024,1395,Y09,M,9,0
2024,1161,Y10a,M,10,0
2024,1438,Y10b,M,10,0
2024,1332,Y11,M,11,0
2024,1270,Y12,M,12,0
2024,1359,Y13,M,13,0
2024,1103,Y14,M,14,0
2024,1389,Y15,M,15,0
2024,1212,Y16a,M,16,0
2024,1286,Y16b,M,16,0
2024,1222,Z01,M,1,0
2024,1266,Z02,M,2,0
2024,1246,Z03,M,3,0
2024,1181,Z04,M,4,0
2024,1458,Z05,M,5,0
2024,1403,Z06,M,6,0
2024,1196,Z07,M,7,0
2024,1304,Z08,M,8,0
2024,1401,Z09,M,9,0
2024,1129,Z10a,M,10,0
2024,1160,Z10b,M,10,0
2024,1301,Z11,M,11,0
2024,1241,Z12,M,12,0
2024,1436,Z13,M,13,0
2024,1324,Z14,M,14,0
2024,1443,Z15,M,15,0
2024,1255,Z16,M,16,0
2025,1181,W01,M,1,0
2025,1104,W02,M,2,0
2025,1458,W03,M,3,0
2025,1112,W04,M,4,0
2025,1332,W05,M,5,0
2025,1140,W06,M,6,0
2025,1388,W07,M,7,0
2025,1280,W08,M,8,0
2025,1124,W09,M,9,0
2025,1435,W10,M,10,0
2025,1433,W11,M,11,0
2025,1251,W12,M,12,0
2025,1103,W13,M,13,0
2025,1285,W14,M,14,0
2025,1352,W15,M,15,0
2025,1110,W16a,M,16,0
2025,1291,W16b,M,16,0
2025,1222,X01,M,1,0
2025,1397,X02,M,2,0
2025,1246,X03,M,3,0
2025,1345,X04,M,4,0
2025,1155,X05,M,5,0
2025,1228,X06,M,6,0
2025,1417,X07,M,7,0
2025,1211,X08,M,8,0
2025,1208,X09,M,9,0
2025,1429,X10,M,10,0
2025,1400,X11a,M,11,0
2025,1462,X11b,M,11,0
2025,1270,X12,M,12,0
2025,1219,X13,M,13,0
2025,1407,X14,M,14,0
2025,1459,X15,M,15,0
2025,1188,X16,M,16,0
2025,1120,Y01,M,1,0
2025,1277,Y02,M,2,0
2025,1235,Y03,M,3,0
2025,1401,Y04,M,4,0
2025,1276,Y05,M,5,0
2025,1279,Y06,M,6,0
2025,1266,Y07,M,7,0
2025,1257,Y08,M,8,0
2025,1166,Y09,M,9,0
2025,1307,Y10,M,10,0
2025,1314,Y11a,M,11,0
2025,1361,Y11b,M,11,0
2025,1471,Y12,M,12,0
2025,1463,Y13,M,13,0
2025,1252,Y14,M,14,0
2025,1136,Y15,M,15,0
2025,1106,Y16a,M,16,0
2025,1384,Y16b,M,16,0
2025,1196,Z01,M,1,0
2025,1385,Z02,M,2,0
2025,1403,Z03,M,3,0
2025,1268,Z04,M,4,0
2025,1272,Z05,M,5,0
2025,1281,Z06,M,6,0
2025,1242,Z07,M,7,0
2025,1163,Z08,M,8,0
2025,1328,Z09,M,9,0
2025,1116,Z10,M,10,0
2025,1179,Z11,M,11,0
2025,1161,Z12,M,12,0
2025,1213,Z13,M,13,0
2025,1423,Z14,M,14,0
2025,1303,Z15,M,15,0
2025,1313,Z16,M,16,0
2026,1301,X11,M,11,0
2026,1400,X11,M,11,0
2026,1374,Z11,M,11,0
2026,1275,Z11,M,11,0
2026,1224,Z16,M,16,0
2026,1420,Z16,M,16,0
2026,1250,Y16,M,16,0
2026,1341,Y16,M,16,0
2026,1181,W01,M,1,0
2026,1373,W16,M,16,0
2026,1326,W08,M,8,0
2026,1395,W09,M,9,0
2026,1385,W05,M,5,0
2026,1320,W12,M,12,0
2026,1242,W04,M,4,0
2026,1465,W13,M,13,0
2026,1257,W06,M,6,0
2026,1378,W11,M,11,0
2026,1277,W03,M,3,0
2026,1295,W14,M,14,0
2026,1417,W07,M,7,0
2026,1416,W10,M,10,0
2026,1163,W02,M,2,0
2026,1202,W15,M,15,0
2026,1196,Y01,M,1,0
2026,1155,Y08,M,8,0
2026,1234,Y09,M,9,0
2026,1435,Y05,M,5,0
2026,1270,Y12,M,12,0
2026,1304,Y04,M,4,0
2026,1407,Y13,M,13,0
2026,1314,Y06,M,6,0
2026,1433,Y11,M,11,0
2026,1228,Y03,M,3,0
2026,1335,Y14,M,14,0
2026,1388,Y07,M,7,0
2026,1401,Y10,M,10,0
2026,1222,Y02,M,2,0
2026,1225,Y15,M,15,0
2026,1112,X01,M,1,0
2026,1254,X16,M,16,0
2026,1437,X08,M,8,0
2026,1429,X09,M,9,0
2026,1458,X05,M,5,0
2026,1219,X12,M,12,0
2026,1116,X04,M,4,0
2026,1218,X13,M,13,0
2026,1140,X06,M,6,0
2026,1211,X03,M,3,0
2026,1244,X14,M,14,0
2026,1274,X07,M,7,0
2026,1281,X10,M,10,0
2026,1345,X02,M,2,0
2026,1474,X15,M,15,0
2026,1276,Z01,M,1,0
2026,1208,Z08,M,8,0
2026,1387,Z09,M,9,0
2026,1403,Z05,M,5,0
2026,1103,Z12,M,12,0
2026,1104,Z04,M,4,0
2026,1220,Z13,M,13,0
2026,1397,Z06,M,6,0
2026,1438,Z03,M,3,0
2026,1460,Z14,M,14,0
2026,1246,Z07,M,7,0
2026,1365,Z10,M,10,0
2026,1235,Z02,M,2,0
2026,1398,Z15,M,15,0
