season,team_id,top25_elo_wins,top25_elo_games
2010,3103,0,4
2010,3104,0,1
2010,3105,0,1
2010,3107,0,6
2010,3108,0,1
2010,3110,1,4
2010,3111,0,1
2010,3112,0,3
2010,3113,0,4
2010,3114,1,3
2010,3115,0,1
2010,3116,0,1
2010,3117,0,4
2010,3119,0,2
2010,3120,1,4
2010,3122,0,4
2010,3123,0,1
2010,3124,3,5
2010,3127,0,5
2010,3129,0,2
2010,3130,3,5
2010,3131,1,6
2010,3132,0,2
2010,3133,0,1
2010,3135,0,2
2010,3136,0,1
2010,3137,0,2
2010,3138,0,2
2010,3141,1,2
2010,3143,0,5
2010,3145,0,1
2010,3149,0,2
2010,3150,0,4
2010,3152,0,1
2010,3153,1,6
2010,3155,0,5
2010,3157,0,2
2010,3159,0,1
2010,3160,0,3
2010,3162,0,3
2010,3163,12,12
2010,3164,0,1
2010,3165,0,3
2010,3166,0,1
2010,3167,0,1
2010,3169,0,1
2010,3170,0,1
2010,3171,0,4
2010,3172,0,1
2010,3173,1,3
2010,3174,0,2
2010,3176,0,3
2010,3177,1,8
2010,3178,0,1
2010,3179,1,1
2010,3180,1,3
2010,3181,3,6
2010,3182,0,3
2010,3183,0,1
2010,3184,0,1
2010,3185,0,2
2010,3186,0,1
2010,3187,0,2
2010,3188,0,1
2010,3192,0,2
2010,3194,0,3
2010,3196,0,4
2010,3198,0,3
2010,3199,0,2
2010,3200,0,2
2010,3201,0,2
2010,3203,0,2
2010,3204,0,1
2010,3205,2,3
2010,3206,0,2
2010,3207,2,5
2010,3208,1,1
2010,3209,0,3
2010,3210,0,3
2010,3211,0,2
2010,3214,0,1
2010,3216,3,5
2010,3217,0,3
2010,3218,0,3
2010,3219,0,3
2010,3220,1,2
2010,3221,0,2
2010,3222,2,3
2010,3223,0,1
2010,3225,0,4
2010,3226,0,1
2010,3228,0,3
2010,3231,1,3
2010,3233,0,2
2010,3234,0,3
2010,3235,0,3
2010,3236,0,1
2010,3237,0,1
2010,3240,0,1
2010,3241,2,3
2010,3242,0,4
2010,3243,0,4
2010,3245,0,2
2010,3246,0,3
2010,3247,0,4
2010,3248,0,3
2010,3249,0,1
2010,3250,0,1
2010,3251,1,2
2010,3252,0,1
2010,3254,0,2
2010,3255,0,4
2010,3256,1,3
2010,3257,0,9
2010,3258,0,3
2010,3259,0,1
2010,3261,3,6
2010,3263,0,6
2010,3264,0,1
2010,3265,2,3
2010,3266,1,6
2010,3267,0,2
2010,3268,0,4
2010,3269,0,3
2010,3270,0,1
2010,3272,0,1
2010,3274,1,4
2010,3275,0,3
2010,3276,1,3
2010,3277,2,4
2010,3278,0,3
2010,3279,1,5
2010,3280,0,2
2010,3281,0,5
2010,3283,0,1
2010,3285,0,1
2010,3286,0,1
2010,3290,0,1
2010,3292,1,4
2010,3294,0,1
2010,3296,0,2
2010,3298,0,3
2010,3299,0,1
2010,3300,0,2
2010,3301,0,5
2010,3304,3,4
2010,3305,0,3
2010,3306,0,5
2010,3307,0,1
2010,3308,0,2
2010,3309,0,5
2010,3312,0,1
2010,3314,2,5
2010,3315,0,1
2010,3316,0,1
2010,3317,0,5
2010,3318,0,4
2010,3321,0,2
2010,3323,2,7
2010,3324,0,1
2010,3325,0,2
2010,3326,2,3
2010,3328,1,7
2010,3329,3,6
2010,3330,1,5
2010,3332,0,2
2010,3333,0,2
2010,3334,0,1
2010,3335,0,3
2010,3336,0,1
2010,3337,0,4
2010,3338,0,6
2010,3339,0,2
2010,3340,0,1
2010,3341,0,2
2010,3342,0,2
2010,3343,1,1
2010,3344,1,8
2010,3345,1,4
2010,3346,0,1
2010,3347,0,4
2010,3348,0,3
2010,3349,0,4
2010,3350,0,4
2010,3351,0,1
2010,3353,2,10
2010,3355,2,2
2010,3356,0,1
2010,3357,0,1
2010,3360,0,2
2010,3361,0,1
2010,3362,0,3
2010,3363,0,2
2010,3364,0,2
2010,3365,0,4
2010,3368,0,1
2010,3369,0,1
2010,3370,0,1
2010,3371,0,6
2010,3372,0,2
2010,3373,0,1
2010,3374,1,2
2010,3375,1,4
2010,3376,0,3
2010,3378,0,7
2010,3379,0,2
2010,3382,1,3
2010,3384,0,2
2010,3385,1,5
2010,3386,0,3
2010,3387,0,1
2010,3388,0,4
2010,3390,4,5
2010,3391,0,2
2010,3392,0,7
2010,3393,1,6
2010,3395,2,2
2010,3396,0,5
2010,3397,1,2
2010,3399,0,1
2010,3400,0,6
2010,3401,3,4
2010,3403,1,5
2010,3405,1,2
2010,3406,0,3
2010,3407,0,3
2010,3408,0,1
2010,3409,1,2
2010,3412,0,3
2010,3413,0,1
2010,3414,0,3
2010,3416,0,5
2010,3417,1,5
2010,3418,0,3
2010,3419,0,4
2010,3420,0,5
2010,3421,0,2
2010,3422,0,3
2010,3423,1,2
2010,3424,0,2
2010,3425,1,6
2010,3426,0,1
2010,3427,0,1
2010,3428,0,1
2010,3429,0,2
2010,3431,0,3
2010,3433,0,3
2010,3434,0,1
2010,3435,1,6
2010,3436,1,5
2010,3437,0,6
2010,3438,1,6
2010,3439,0,5
2010,3441,0,2
2010,3442,0,1
2010,3443,0,5
2010,3444,0,3
2010,3447,0,1
2010,3448,0,3
2010,3449,0,3
2010,3450,0,3
2010,3452,3,7
2010,3456,1,2
2010,3457,0,2
2010,3458,0,3
2010,3459,0,1
2010,3460,0,1
2010,3462,1,1
2010,3463,0,2
2010,3464,0,1
2011,3103,0,3
2011,3104,0,1
2011,3107,0,1
2011,3108,0,1
2011,3112,0,6
2011,3113,1,6
2011,3114,0,2
2011,3116,0,1
2011,3120,0,3
2011,3122,0,1
2011,3123,0,1
2011,3124,6,7
2011,3125,0,2
2011,3126,1,1
2011,3129,0,2
2011,3130,0,3
2011,3131,0,1
2011,3133,0,3
2011,3135,0,2
2011,3138,0,3
2011,3139,0,5
2011,3140,0,2
2011,3141,0,2
2011,3142,1,1
2011,3143,0,6
2011,3144,0,3
2011,3145,0,3
2011,3150,1,5
2011,3151,0,3
2011,3153,0,4
2011,3155,0,3
2011,3156,0,2
2011,3158,0,2
2011,3160,0,2
2011,3161,0,1
2011,3162,0,2
2011,3163,6,7
2011,3164,0,2
2011,3165,0,2
2011,3166,0,4
2011,3167,0,2
2011,3168,0,2
2011,3170,0,1
2011,3171,0,3
2011,3172,0,4
2011,3173,1,5
2011,3174,0,3
2011,3175,0,3
2011,3177,2,4
2011,3178,0,4
2011,3179,0,2
2011,3180,0,4
2011,3181,5,6
2011,3182,0,2
2011,3185,1,4
2011,3186,0,1
2011,3187,0,2
2011,3188,0,1
2011,3189,0,3
2011,3190,0,4
2011,3191,1,4
2011,3192,0,1
2011,3193,0,2
2011,3194,0,1
2011,3196,0,5
2011,3197,0,2
2011,3198,0,2
2011,3199,1,5
2011,3200,0,2
2011,3201,0,1
2011,3202,1,2
2011,3203,0,4
2011,3204,2,2
2011,3205,0,1
2011,3206,0,2
2011,3207,1,6
2011,3208,0,2
2011,3209,0,3
2011,3210,0,6
2011,3211,0,2
2011,3212,0,1
2011,3214,1,1
2011,3216,0,3
2011,3217,1,2
2011,3218,0,3
2011,3220,1,1
2011,3221,0,1
2011,3222,0,1
2011,3223,0,1
2011,3224,0,4
2011,3225,0,3
2011,3227,0,3
2011,3228,0,2
2011,3229,1,3
2011,3231,0,2
2011,3232,0,2
2011,3233,0,3
2011,3234,3,4
2011,3235,1,3
2011,3236,0,2
2011,3237,0,1
2011,3239,1,3
2011,3241,0,2
2011,3242,0,3
2011,3243,1,3
2011,3244,1,3
2011,3245,1,2
2011,3246,1,4
2011,3247,0,3
2011,3248,0,1
2011,3249,1,2
2011,3250,0,2
2011,3251,0,2
2011,3252,0,3
2011,3255,0,2
2011,3256,2,4
2011,3257,1,8
2011,3258,0,4
2011,3259,0,3
2011,3260,0,4
2011,3261,1,4
2011,3264,0,2
2011,3265,1,1
2011,3266,2,5
2011,3267,0,2
2011,3268,2,4
2011,3269,0,2
2011,3271,0,1
2011,3272,0,1
2011,3273,0,2
2011,3274,0,1
2011,3275,0,3
2011,3276,0,4
2011,3277,0,1
2011,3278,0,4
2011,3279,1,4
2011,3280,0,2
2011,3281,0,4
2011,3283,0,4
2011,3284,1,1
2011,3285,0,3
2011,3286,0,2
2011,3287,0,1
2011,3288,0,2
2011,3290,0,1
2011,3292,1,2
2011,3296,1,4
2011,3298,0,1
2011,3299,0,2
2011,3300,0,2
2011,3301,0,3
2011,3304,1,5
2011,3305,0,2
2011,3306,0,1
2011,3308,1,4
2011,3310,0,2
2011,3312,0,1
2011,3313,0,2
2011,3314,2,6
2011,3315,0,3
2011,3316,0,2
2011,3318,0,1
2011,3321,0,3
2011,3322,0,1
2011,3323,2,8
2011,3324,0,1
2011,3325,0,4
2011,3326,4,5
2011,3328,1,7
2011,3329,0,4
2011,3330,1,3
2011,3331,0,1
2011,3332,0,4
2011,3333,0,4
2011,3334,0,2
2011,3335,0,3
2011,3336,0,2
2011,3337,1,4
2011,3338,0,4
2011,3339,0,3
2011,3344,0,3
2011,3345,1,4
2011,3347,0,1
2011,3348,0,2
2011,3349,0,4
2011,3350,2,5
2011,3351,0,3
2011,3353,1,9
2011,3354,0,2
2011,3355,1,2
2011,3356,0,2
2011,3357,0,1
2011,3359,1,3
2011,3360,0,2
2011,3361,0,2
2011,3362,0,3
2011,3363,0,2
2011,3364,1,2
2011,3365,0,3
2011,3367,1,2
2011,3368,0,1
2011,3369,0,3
2011,3370,0,3
2011,3371,1,5
2011,3373,0,3
2011,3374,0,2
2011,3376,0,4
2011,3377,0,2
2011,3378,0,3
2011,3379,0,2
2011,3380,0,1
2011,3381,0,1
2011,3382,1,4
2011,3384,0,1
2011,3385,1,5
2011,3386,1,5
2011,3387,0,2
2011,3388,0,4
2011,3389,0,3
2011,3390,7,9
2011,3391,1,2
2011,3393,0,4
2011,3394,0,1
2011,3395,1,3
2011,3396,0,3
2011,3397,1,2
2011,3400,0,8
2011,3401,0,4
2011,3403,1,4
2011,3405,1,1
2011,3406,0,2
2011,3407,0,4
2011,3408,1,3
2011,3409,0,2
2011,3410,0,1
2011,3411,0,1
2011,3412,0,2
2011,3413,0,1
2011,3414,0,1
2011,3415,0,3
2011,3416,0,2
2011,3417,2,5
2011,3419,0,2
2011,3421,0,1
2011,3422,0,3
2011,3425,2,9
2011,3426,0,1
2011,3427,0,1
2011,3428,0,2
2011,3429,0,3
2011,3431,0,3
2011,3433,0,3
2011,3434,0,4
2011,3435,1,4
2011,3436,0,2
2011,3437,0,5
2011,3438,0,4
2011,3439,0,4
2011,3441,0,3
2011,3443,0,3
2011,3444,1,2
2011,3448,1,7
2011,3449,0,4
2011,3450,0,6
2011,3452,0,3
2011,3454,0,4
2011,3455,0,3
2011,3456,0,2
2011,3458,0,4
2011,3459,0,2
2011,3460,0,3
2011,3462,1,3
2011,3463,0,2
2011,3464,0,3
2012,3103,0,1
2012,3104,1,3
2012,3106,0,1
2012,3108,0,1
2012,3110,0,1
2012,3112,0,2
2012,3113,1,3
2012,3114,1,2
2012,3115,0,1
2012,3116,2,4
2012,3117,0,1
2012,3120,0,5
2012,3122,0,1
2012,3123,0,1
2012,3124,3,3
2012,3125,0,2
2012,3127,0,2
2012,3130,0,8
2012,3131,1,1
2012,3132,0,1
2012,3135,0,2
2012,3138,0,3
2012,3139,0,2
2012,3140,2,4
2012,3141,0,1
2012,3142,0,1
2012,3143,0,3
2012,3145,0,3
2012,3146,0,1
2012,3150,0,2
2012,3151,1,5
2012,3152,0,1
2012,3153,1,3
2012,3155,0,5
2012,3156,0,2
2012,3158,0,3
2012,3159,0,1
2012,3160,0,2
2012,3162,0,2
2012,3163,4,7
2012,3164,1,3
2012,3165,0,2
2012,3166,0,1
2012,3167,0,3
2012,3168,0,1
2012,3169,0,1
2012,3171,0,2
2012,3172,2,3
2012,3173,1,4
2012,3174,3,4
2012,3175,0,3
2012,3176,0,2
2012,3177,1,5
2012,3178,1,3
2012,3179,0,1
2012,3180,0,4
2012,3181,4,8
2012,3182,0,3
2012,3184,0,1
2012,3185,0,1
2012,3186,0,2
2012,3187,0,3
2012,3188,0,1
2012,3189,0,2
2012,3190,0,5
2012,3192,0,2
2012,3193,0,4
2012,3194,0,2
2012,3196,1,5
2012,3197,0,1
2012,3198,0,5
2012,3199,0,6
2012,3200,0,2
2012,3201,0,1
2012,3202,0,2
2012,3203,0,2
2012,3204,0,2
2012,3205,0,2
2012,3206,0,3
2012,3207,1,4
2012,3208,2,6
2012,3209,0,3
2012,3210,1,7
2012,3211,2,5
2012,3216,0,2
2012,3217,0,2
2012,3218,0,3
2012,3220,1,5
2012,3221,0,2
2012,3222,0,2
2012,3223,0,1
2012,3224,0,4
2012,3225,0,4
2012,3226,0,1
2012,3227,0,3
2012,3228,0,3
2012,3231,0,2
2012,3232,0,1
2012,3233,0,2
2012,3234,0,1
2012,3235,0,3
2012,3236,0,1
2012,3239,0,3
2012,3240,0,1
2012,3241,1,2
2012,3242,0,2
2012,3243,2,5
2012,3244,0,4
2012,3245,0,1
2012,3246,2,5
2012,3247,0,3
2012,3248,0,2
2012,3249,0,1
2012,3252,0,2
2012,3255,0,3
2012,3256,0,3
2012,3257,0,3
2012,3258,0,5
2012,3259,0,3
2012,3260,0,2
2012,3261,2,4
2012,3264,1,2
2012,3265,0,2
2012,3266,0,4
2012,3267,0,1
2012,3268,5,7
2012,3269,0,2
2012,3271,0,2
2012,3272,0,1
2012,3273,0,3
2012,3274,2,4
2012,3276,0,3
2012,3277,2,4
2012,3278,0,4
2012,3279,0,3
2012,3280,0,2
2012,3281,0,2
2012,3285,0,1
2012,3287,0,1
2012,3288,0,3
2012,3290,0,2
2012,3292,1,3
2012,3294,0,1
2012,3295,0,1
2012,3298,1,1
2012,3299,0,1
2012,3300,0,1
2012,3301,2,9
2012,3304,1,3
2012,3305,0,4
2012,3307,0,1
2012,3308,0,5
2012,3310,0,4
2012,3313,0,4
2012,3314,1,10
2012,3316,0,2
2012,3317,0,1
2012,3318,0,3
2012,3320,0,1
2012,3321,0,1
2012,3323,5,7
2012,3326,0,1
2012,3328,0,4
2012,3329,0,2
2012,3330,0,5
2012,3332,0,3
2012,3333,0,2
2012,3334,0,2
2012,3335,0,3
2012,3336,1,2
2012,3337,2,6
2012,3338,0,4
2012,3339,0,4
2012,3340,0,1
2012,3341,0,1
2012,3343,1,3
2012,3344,0,3
2012,3345,1,4
2012,3348,0,3
2012,3349,1,2
2012,3350,0,3
2012,3351,0,3
2012,3353,1,6
2012,3354,0,1
2012,3355,0,2
2012,3357,0,1
2012,3358,0,1
2012,3359,1,4
2012,3360,0,5
2012,3362,1,4
2012,3363,1,2
2012,3364,1,1
2012,3365,0,6
2012,3366,0,1
2012,3367,0,3
2012,3370,0,3
2012,3371,1,3
2012,3373,0,2
2012,3374,0,3
2012,3375,0,2
2012,3376,1,5
2012,3378,0,4
2012,3379,0,3
2012,3381,0,1
2012,3382,2,4
2012,3384,0,1
2012,3385,1,5
2012,3386,0,5
2012,3387,0,3
2012,3388,2,5
2012,3389,0,3
2012,3390,4,5
2012,3391,0,3
2012,3393,0,3
2012,3396,1,4
2012,3397,2,6
2012,3398,0,2
2012,3399,0,1
2012,3400,0,4
2012,3401,0,4
2012,3402,0,1
2012,3403,1,4
2012,3405,1,3
2012,3406,0,4
2012,3407,0,2
2012,3408,1,4
2012,3409,0,3
2012,3410,0,2
2012,3411,0,1
2012,3412,1,3
2012,3413,0,1
2012,3415,0,2
2012,3416,0,3
2012,3417,0,4
2012,3418,0,1
2012,3419,0,2
2012,3420,0,3
2012,3421,0,1
2012,3422,0,2
2012,3423,0,5
2012,3424,1,1
2012,3425,2,5
2012,3426,0,1
2012,3428,0,3
2012,3429,0,3
2012,3433,0,2
2012,3434,0,2
2012,3435,1,4
2012,3437,2,6
2012,3438,2,8
2012,3439,1,7
2012,3441,0,3
2012,3443,0,4
2012,3447,0,1
2012,3448,1,9
2012,3449,0,2
2012,3450,0,3
2012,3451,0,1
2012,3452,1,4
2012,3453,1,1
2012,3454,0,3
2012,3456,0,2
2012,3458,0,4
2012,3459,0,2
2012,3460,0,3
2012,3462,0,5
2012,3463,0,5
2012,3464,0,2
2013,3103,0,2
2013,3104,0,4
2013,3105,0,1
2013,3108,0,2
2013,3110,0,1
2013,3111,0,3
2013,3112,0,4
2013,3113,0,5
2013,3114,1,3
2013,3116,0,3
2013,3117,0,3
2013,3120,1,5
2013,3122,0,1
2013,3123,0,2
2013,3124,5,6
2013,3125,0,1
2013,3126,0,1
2013,3127,0,2
2013,3130,0,6
2013,3131,1,3
2013,3132,1,2
2013,3136,0,3
2013,3138,0,2
2013,3139,0,1
2013,3140,0,3
2013,3141,3,6
2013,3142,0,1
2013,3143,3,6
2013,3144,0,3
2013,3145,0,4
2013,3148,0,2
2013,3149,0,2
2013,3150,1,2
2013,3151,1,1
2013,3152,0,1
2013,3153,0,2
2013,3155,0,3
2013,3156,0,2
2013,3157,0,3
2013,3158,0,3
2013,3159,0,1
2013,3160,0,6
2013,3161,0,1
2013,3163,5,9
2013,3164,0,3
2013,3167,0,2
2013,3168,0,1
2013,3169,1,2
2013,3171,0,1
2013,3172,0,5
2013,3173,1,1
2013,3175,0,5
2013,3177,2,7
2013,3178,0,4
2013,3180,0,3
2013,3181,4,5
2013,3182,2,5
2013,3183,0,1
2013,3185,0,2
2013,3186,0,2
2013,3187,0,1
2013,3188,0,1
2013,3189,1,2
2013,3190,0,4
2013,3191,0,2
2013,3192,0,2
2013,3193,0,2
2013,3194,0,2
2013,3195,1,1
2013,3196,0,4
2013,3197,0,1
2013,3198,1,4
2013,3199,1,4
2013,3200,1,2
2013,3201,0,1
2013,3202,0,2
2013,3203,0,3
2013,3204,0,3
2013,3205,0,2
2013,3206,0,2
2013,3207,1,6
2013,3208,1,4
2013,3209,0,3
2013,3210,1,5
2013,3211,0,1
2013,3212,0,1
2013,3214,0,1
2013,3216,2,6
2013,3218,0,2
2013,3219,1,3
2013,3220,0,4
2013,3221,0,1
2013,3224,0,4
2013,3225,0,1
2013,3227,0,2
2013,3228,0,1
2013,3231,0,1
2013,3233,0,4
2013,3234,1,3
2013,3235,0,3
2013,3239,0,2
2013,3240,0,1
2013,3241,1,5
2013,3242,0,3
2013,3243,0,5
2013,3244,0,4
2013,3245,0,1
2013,3246,5,7
2013,3247,0,3
2013,3248,0,1
2013,3249,0,1
2013,3250,0,1
2013,3251,0,2
2013,3252,0,2
2013,3253,0,1
2013,3254,0,3
2013,3255,0,3
2013,3256,0,1
2013,3257,2,6
2013,3258,0,3
2013,3259,0,2
2013,3260,0,3
2013,3261,2,7
2013,3263,0,3
2013,3264,0,3
2013,3265,0,2
2013,3266,0,6
2013,3268,2,7
2013,3269,0,3
2013,3271,0,1
2013,3272,0,1
2013,3273,0,3
2013,3274,2,5
2013,3275,0,2
2013,3276,0,3
2013,3277,2,5
2013,3278,1,2
2013,3279,0,3
2013,3280,0,4
2013,3281,1,5
2013,3283,0,1
2013,3284,0,4
2013,3287,0,1
2013,3288,0,2
2013,3290,0,1
2013,3291,0,2
2013,3292,0,2
2013,3295,0,1
2013,3296,0,2
2013,3297,0,2
2013,3299,1,1
2013,3300,0,2
2013,3301,0,4
2013,3304,0,2
2013,3305,0,1
2013,3306,0,4
2013,3310,0,3
2013,3312,0,2
2013,3313,0,2
2013,3314,0,4
2013,3316,0,3
2013,3317,0,2
2013,3318,0,3
2013,3320,0,1
2013,3321,0,2
2013,3323,6,7
2013,3324,0,1
2013,3325,0,1
2013,3326,1,5
2013,3328,1,4
2013,3329,0,3
2013,3330,0,4
2013,3331,0,1
2013,3332,0,6
2013,3333,0,5
2013,3334,0,1
2013,3336,1,2
2013,3337,0,4
2013,3338,0,2
2013,3339,0,2
2013,3340,0,2
2013,3341,1,3
2013,3342,1,2
2013,3343,0,3
2013,3344,0,4
2013,3345,1,4
2013,3347,0,3
2013,3348,0,3
2013,3349,0,3
2013,3350,0,3
2013,3351,0,3
2013,3352,0,2
2013,3353,0,3
2013,3354,0,1
2013,3355,1,2
2013,3357,0,3
2013,3358,1,2
2013,3359,0,2
2013,3360,0,3
2013,3361,0,1
2013,3362,0,2
2013,3364,0,1
2013,3365,0,4
2013,3366,0,1
2013,3367,0,3
2013,3368,0,1
2013,3371,0,2
2013,3373,0,4
2013,3375,0,2
2013,3376,3,8
2013,3378,1,4
2013,3379,0,1
2013,3380,0,1
2013,3382,0,4
2013,3383,0,2
2013,3384,0,4
2013,3385,0,6
2013,3386,1,3
2013,3387,0,1
2013,3388,2,5
2013,3389,0,3
2013,3390,7,9
2013,3391,1,3
2013,3392,0,2
2013,3393,0,3
2013,3395,0,3
2013,3396,0,1
2013,3397,3,9
2013,3399,0,1
2013,3400,0,4
2013,3401,3,9
2013,3403,0,2
2013,3404,0,2
2013,3405,0,1
2013,3406,0,2
2013,3407,1,2
2013,3412,0,1
2013,3413,0,1
2013,3415,0,1
2013,3416,1,1
2013,3417,1,7
2013,3418,0,2
2013,3419,0,3
2013,3420,0,3
2013,3421,0,3
2013,3422,0,3
2013,3423,0,3
2013,3424,0,1
2013,3425,0,10
2013,3428,0,6
2013,3429,0,1
2013,3433,0,2
2013,3434,0,4
2013,3435,1,7
2013,3436,0,3
2013,3437,0,3
2013,3438,0,2
2013,3439,1,7
2013,3441,0,2
2013,3443,0,2
2013,3444,0,3
2013,3447,0,1
2013,3448,0,5
2013,3449,0,4
2013,3450,1,6
2013,3452,0,2
2013,3454,0,3
2013,3455,0,1
2013,3456,0,1
2013,3457,0,3
2013,3458,1,4
2013,3459,0,2
2013,3460,0,3
2013,3462,0,3
2013,3463,0,2
2013,3464,0,2
2014,3103,0,3
2014,3104,0,5
2014,3107,1,2
2014,3108,0,1
2014,3110,1,2
2014,3111,0,2
2014,3112,0,3
2014,3113,0,2
2014,3114,0,1
2014,3115,0,1
2014,3116,1,4
2014,3120,0,3
2014,3122,0,3
2014,3123,1,3
2014,3124,2,4
2014,3125,0,1
2014,3126,0,2
2014,3127,0,3
2014,3130,0,6
2014,3131,0,2
2014,3132,0,1
2014,3133,0,1
2014,3135,0,1
2014,3138,0,2
2014,3139,0,3
2014,3140,1,3
2014,3141,2,6
2014,3142,0,1
2014,3143,0,4
2014,3145,0,2
2014,3146,0,1
2014,3149,0,1
2014,3150,0,4
2014,3151,0,1
2014,3153,0,6
2014,3155,0,5
2014,3158,1,4
2014,3159,0,2
2014,3160,0,3
2014,3161,0,1
2014,3163,7,7
2014,3164,0,4
2014,3166,1,4
2014,3168,0,1
2014,3169,0,1
2014,3171,0,2
2014,3172,0,3
2014,3173,1,2
2014,3174,0,3
2014,3175,0,4
2014,3177,0,1
2014,3180,0,5
2014,3181,2,6
2014,3182,2,7
2014,3185,0,2
2014,3186,0,1
2014,3187,0,2
2014,3189,0,4
2014,3190,0,3
2014,3192,0,1
2014,3193,1,3
2014,3194,0,2
2014,3195,0,2
2014,3196,0,2
2014,3197,0,2
2014,3198,0,4
2014,3199,0,5
2014,3200,1,2
2014,3201,0,1
2014,3202,0,2
2014,3203,1,5
2014,3204,0,3
2014,3206,0,3
2014,3207,0,3
2014,3208,0,3
2014,3210,1,7
2014,3211,2,4
2014,3212,0,2
2014,3214,1,1
2014,3216,0,4
2014,3217,0,2
2014,3218,1,2
2014,3220,2,4
2014,3221,0,1
2014,3222,0,5
2014,3223,0,1
2014,3224,0,3
2014,3225,0,1
2014,3228,0,2
2014,3229,0,2
2014,3231,0,1
2014,3233,1,3
2014,3234,1,3
2014,3235,0,4
2014,3239,0,2
2014,3240,0,1
2014,3242,1,6
2014,3243,0,5
2014,3244,0,3
2014,3245,0,2
2014,3246,7,11
2014,3247,0,2
2014,3251,0,1
2014,3252,0,4
2014,3256,0,3
2014,3257,0,3
2014,3258,0,4
2014,3259,0,1
2014,3260,0,2
2014,3261,3,7
2014,3262,0,3
2014,3263,0,2
2014,3264,0,3
2014,3265,1,2
2014,3266,1,4
2014,3267,0,3
2014,3268,0,3
2014,3269,0,4
2014,3270,0,1
2014,3271,0,2
2014,3272,0,4
2014,3273,0,3
2014,3274,0,4
2014,3275,0,2
2014,3276,0,4
2014,3277,2,5
2014,3278,1,3
2014,3279,0,5
2014,3280,2,5
2014,3281,0,2
2014,3283,0,1
2014,3284,0,4
2014,3288,0,2
2014,3290,0,1
2014,3292,1,3
2014,3296,0,1
2014,3297,1,2
2014,3299,0,1
2014,3300,0,1
2014,3301,1,4
2014,3305,0,1
2014,3306,0,2
2014,3307,0,1
2014,3309,0,1
2014,3310,0,3
2014,3311,0,2
2014,3312,0,1
2014,3313,0,3
2014,3314,6,10
2014,3316,0,2
2014,3317,0,2
2014,3318,0,4
2014,3321,2,3
2014,3322,0,1
2014,3323,6,6
2014,3324,0,1
2014,3325,0,5
2014,3326,2,7
2014,3328,1,8
2014,3329,0,5
2014,3330,1,6
2014,3331,0,1
2014,3332,0,2
2014,3333,0,2
2014,3334,1,6
2014,3335,0,1
2014,3336,1,4
2014,3337,0,5
2014,3338,0,5
2014,3339,0,4
2014,3340,0,1
2014,3341,0,1
2014,3343,1,1
2014,3344,0,4
2014,3345,3,5
2014,3346,1,5
2014,3348,0,2
2014,3349,0,3
2014,3350,1,4
2014,3351,0,3
2014,3353,0,5
2014,3354,0,2
2014,3355,0,5
2014,3359,0,2
2014,3360,1,4
2014,3361,0,1
2014,3362,0,6
2014,3363,0,1
2014,3364,1,1
2014,3365,0,5
2014,3366,0,4
2014,3367,0,3
2014,3368,0,1
2014,3371,0,3
2014,3373,0,5
2014,3374,0,5
2014,3375,0,1
2014,3376,0,1
2014,3377,0,1
2014,3378,0,8
2014,3379,2,4
2014,3380,0,1
2014,3382,1,5
2014,3384,0,2
2014,3385,1,4
2014,3386,2,4
2014,3387,0,4
2014,3388,2,5
2014,3389,0,3
2014,3390,3,4
2014,3391,0,3
2014,3392,1,3
2014,3393,0,4
2014,3395,1,6
2014,3396,0,4
2014,3397,3,5
2014,3398,0,1
2014,3399,0,1
2014,3400,1,7
2014,3401,1,3
2014,3402,0,1
2014,3403,0,4
2014,3404,0,1
2014,3405,0,2
2014,3406,0,3
2014,3407,0,1
2014,3408,1,3
2014,3409,0,2
2014,3411,0,1
2014,3412,0,5
2014,3413,0,2
2014,3415,0,2
2014,3416,0,5
2014,3417,0,5
2014,3419,0,1
2014,3420,0,2
2014,3422,0,3
2014,3423,0,4
2014,3424,0,2
2014,3425,1,4
2014,3427,0,3
2014,3428,1,3
2014,3429,0,3
2014,3431,1,3
2014,3433,0,3
2014,3434,0,1
2014,3435,3,7
2014,3436,0,2
2014,3437,0,2
2014,3438,2,7
2014,3439,0,4
2014,3441,0,2
2014,3443,0,1
2014,3444,0,2
2014,3448,0,3
2014,3449,1,3
2014,3450,1,7
2014,3451,0,1
2014,3452,1,3
2014,3454,0,1
2014,3456,0,2
2014,3457,0,1
2014,3458,0,2
2014,3459,0,3
2014,3460,1,4
2014,3462,0,3
2014,3463,0,1
2014,3464,0,1
2015,3103,0,2
2015,3104,0,4
2015,3105,0,1
2015,3106,0,1
2015,3107,0,2
2015,3110,0,4
2015,3111,0,2
2015,3112,0,4
2015,3113,0,3
2015,3115,0,1
2015,3116,0,3
2015,3117,2,5
2015,3119,0,1
2015,3120,1,3
2015,3122,0,2
2015,3123,0,3
2015,3125,0,3
2015,3126,0,2
2015,3127,0,1
2015,3130,0,4
2015,3132,0,2
2015,3133,0,3
2015,3135,0,2
2015,3138,0,3
2015,3139,0,6
2015,3140,0,1
2015,3141,0,5
2015,3143,1,4
2015,3144,0,3
2015,3145,0,2
2015,3146,0,1
2015,3149,0,2
2015,3150,1,6
2015,3151,1,2
2015,3152,0,1
2015,3153,0,3
2015,3155,0,7
2015,3156,0,3
2015,3157,0,2
2015,3158,0,3
2015,3160,1,5
2015,3162,0,2
2015,3163,4,4
2015,3164,0,1
2015,3165,0,2
2015,3166,1,6
2015,3167,0,1
2015,3169,0,1
2015,3170,0,1
2015,3171,0,2
2015,3172,0,3
2015,3173,1,4
2015,3174,0,3
2015,3177,1,5
2015,3178,0,3
2015,3179,1,2
2015,3180,0,4
2015,3181,1,6
2015,3182,0,5
2015,3183,0,1
2015,3185,1,3
2015,3186,1,1
2015,3187,1,4
2015,3188,0,1
2015,3189,1,4
2015,3190,0,3
2015,3191,0,3
2015,3193,0,3
2015,3194,0,2
2015,3195,3,3
2015,3196,0,3
2015,3198,0,3
2015,3199,2,4
2015,3200,0,5
2015,3201,0,1
2015,3202,0,4
2015,3203,3,5
2015,3204,0,2
2015,3205,0,2
2015,3206,0,3
2015,3207,0,6
2015,3208,0,5
2015,3209,0,4
2015,3210,0,5
2015,3211,1,1
2015,3212,0,1
2015,3213,0,1
2015,3214,0,5
2015,3216,0,3
2015,3217,1,6
2015,3219,0,3
2015,3220,1,4
2015,3221,0,2
2015,3222,0,2
2015,3225,0,2
2015,3227,0,2
2015,3228,0,2
2015,3229,0,4
2015,3231,0,2
2015,3232,0,2
2015,3233,0,2
2015,3234,1,3
2015,3235,1,2
2015,3237,0,1
2015,3239,0,4
2015,3241,1,2
2015,3242,0,3
2015,3243,0,4
2015,3244,0,3
2015,3245,0,2
2015,3246,3,7
2015,3247,0,3
2015,3248,0,2
2015,3250,0,1
2015,3251,0,1
2015,3252,0,3
2015,3255,0,2
2015,3256,0,1
2015,3257,1,4
2015,3259,0,2
2015,3260,0,4
2015,3261,0,5
2015,3262,0,1
2015,3264,0,3
2015,3265,0,4
2015,3266,1,6
2015,3267,0,2
2015,3268,2,3
2015,3269,0,4
2015,3272,0,4
2015,3273,0,2
2015,3274,1,6
2015,3275,0,2
2015,3276,0,3
2015,3277,0,5
2015,3278,1,2
2015,3279,0,4
2015,3280,1,3
2015,3281,0,2
2015,3283,0,4
2015,3284,0,4
2015,3285,0,1
2015,3287,0,1
2015,3288,0,1
2015,3291,0,1
2015,3292,0,2
2015,3293,0,1
2015,3294,0,1
2015,3296,0,1
2015,3297,0,4
2015,3299,0,1
2015,3300,0,1
2015,3301,1,5
2015,3304,0,2
2015,3305,0,1
2015,3307,0,1
2015,3310,0,2
2015,3312,0,1
2015,3314,1,5
2015,3316,0,4
2015,3317,0,1
2015,3318,0,2
2015,3320,0,3
2015,3321,1,4
2015,3323,8,9
2015,3324,1,2
2015,3325,0,1
2015,3326,1,4
2015,3328,1,3
2015,3329,0,3
2015,3330,0,4
2015,3331,0,3
2015,3332,0,4
2015,3333,2,3
2015,3335,0,3
2015,3336,0,4
2015,3338,0,6
2015,3339,0,1
2015,3340,0,1
2015,3341,0,1
2015,3342,0,2
2015,3344,0,6
2015,3345,0,5
2015,3346,0,2
2015,3347,0,2
2015,3348,0,2
2015,3349,0,2
2015,3350,0,5
2015,3351,0,3
2015,3353,0,3
2015,3355,1,3
2015,3356,0,3
2015,3358,0,1
2015,3359,0,2
2015,3361,0,1
2015,3366,0,2
2015,3367,0,2
2015,3371,2,3
2015,3372,0,1
2015,3373,0,3
2015,3374,0,3
2015,3375,0,2
2015,3376,3,4
2015,3377,0,1
2015,3378,1,5
2015,3379,1,3
2015,3382,0,3
2015,3384,0,1
2015,3385,1,6
2015,3386,0,7
2015,3387,1,4
2015,3388,0,1
2015,3389,0,3
2015,3390,3,7
2015,3391,0,3
2015,3393,0,5
2015,3395,0,2
2015,3396,0,3
2015,3397,2,6
2015,3398,0,1
2015,3400,1,4
2015,3401,1,3
2015,3402,0,3
2015,3403,0,2
2015,3404,0,3
2015,3405,0,2
2015,3406,0,5
2015,3407,1,2
2015,3408,1,5
2015,3409,0,3
2015,3410,0,2
2015,3412,0,2
2015,3413,0,2
2015,3416,0,1
2015,3417,0,6
2015,3418,0,2
2015,3419,0,3
2015,3421,0,3
2015,3422,0,3
2015,3423,0,2
2015,3425,0,4
2015,3426,0,3
2015,3427,1,1
2015,3428,0,3
2015,3429,0,2
2015,3431,0,1
2015,3433,0,3
2015,3434,0,3
2015,3435,2,8
2015,3436,0,1
2015,3437,1,7
2015,3438,1,4
2015,3439,0,4
2015,3441,0,2
2015,3443,0,1
2015,3444,1,2
2015,3447,0,1
2015,3448,0,4
2015,3449,2,4
2015,3450,2,6
2015,3452,1,3
2015,3453,1,3
2015,3454,0,3
2015,3455,0,2
2015,3456,0,2
2015,3457,1,4
2015,3458,0,3
2015,3459,0,3
2015,3460,0,4
2015,3462,0,5
2015,3463,0,3
2015,3464,0,3
2016,3101,1,1
2016,3102,0,2
2016,3103,0,1
2016,3104,0,1
2016,3107,0,1
2016,3108,0,2
2016,3110,0,5
2016,3111,0,4
2016,3112,0,7
2016,3113,2,5
2016,3114,1,3
2016,3116,0,3
2016,3117,1,1
2016,3119,1,1
2016,3120,0,3
2016,3122,0,1
2016,3124,4,4
2016,3125,0,1
2016,3127,0,3
2016,3129,0,2
2016,3130,0,5
2016,3131,0,3
2016,3135,0,4
2016,3137,1,3
2016,3138,0,1
2016,3139,0,1
2016,3140,0,1
2016,3141,0,1
2016,3142,0,1
2016,3143,3,9
2016,3144,0,1
2016,3145,0,1
2016,3148,0,2
2016,3151,1,2
2016,3153,0,3
2016,3155,0,4
2016,3156,0,2
2016,3158,0,4
2016,3159,0,4
2016,3160,0,5
2016,3161,1,2
2016,3162,0,5
2016,3163,3,3
2016,3164,0,1
2016,3165,1,4
2016,3167,0,4
2016,3169,0,1
2016,3170,0,1
2016,3171,0,5
2016,3172,0,3
2016,3173,2,7
2016,3174,0,3
2016,3176,0,5
2016,3177,0,3
2016,3178,0,3
2016,3179,0,2
2016,3180,0,5
2016,3181,2,7
2016,3182,0,3
2016,3187,0,4
2016,3189,0,3
2016,3193,0,1
2016,3194,1,2
2016,3195,1,2
2016,3196,1,2
2016,3198,0,1
2016,3199,0,5
2016,3200,1,5
2016,3201,0,3
2016,3203,2,3
2016,3204,0,2
2016,3206,0,4
2016,3208,1,2
2016,3209,0,2
2016,3210,0,5
2016,3211,1,2
2016,3212,0,2
2016,3214,0,4
2016,3216,0,5
2016,3217,0,5
2016,3218,0,4
2016,3219,0,1
2016,3220,0,3
2016,3221,0,2
2016,3222,0,2
2016,3223,0,1
2016,3224,0,2
2016,3225,0,1
2016,3227,0,2
2016,3228,0,3
2016,3230,0,2
2016,3231,0,1
2016,3233,0,1
2016,3234,0,3
2016,3235,0,4
2016,3236,0,2
2016,3237,0,3
2016,3239,1,4
2016,3241,0,2
2016,3242,0,5
2016,3243,1,6
2016,3244,0,2
2016,3246,2,5
2016,3247,0,3
2016,3248,0,4
2016,3249,0,1
2016,3250,0,3
2016,3251,0,1
2016,3252,0,2
2016,3255,0,2
2016,3256,0,1
2016,3257,1,3
2016,3258,0,2
2016,3259,0,4
2016,3260,0,1
2016,3261,0,2
2016,3262,0,3
2016,3263,1,3
2016,3265,0,2
2016,3266,0,4
2016,3268,1,2
2016,3269,0,2
2016,3270,0,4
2016,3271,0,2
2016,3272,0,3
2016,3274,0,5
2016,3276,0,4
2016,3277,0,4
2016,3278,0,1
2016,3279,0,2
2016,3280,1,4
2016,3281,0,1
2016,3284,0,1
2016,3285,0,1
2016,3288,0,3
2016,3293,0,2
2016,3294,0,1
2016,3295,0,2
2016,3297,0,3
2016,3298,0,4
2016,3299,0,2
2016,3301,0,4
2016,3303,0,2
2016,3304,1,3
2016,3305,0,2
2016,3306,0,3
2016,3307,0,3
2016,3309,0,2
2016,3311,0,2
2016,3312,0,4
2016,3314,1,3
2016,3315,0,1
2016,3316,0,2
2016,3318,0,2
2016,3320,1,1
2016,3321,0,3
2016,3322,1,4
2016,3323,5,6
2016,3324,2,2
2016,3325,1,2
2016,3326,3,6
2016,3328,2,6
2016,3329,1,4
2016,3330,0,1
2016,3331,1,4
2016,3332,0,5
2016,3333,3,5
2016,3334,0,2
2016,3335,3,3
2016,3336,0,2
2016,3337,0,5
2016,3338,0,8
2016,3339,0,3
2016,3340,0,1
2016,3343,1,3
2016,3344,0,2
2016,3345,1,3
2016,3346,0,2
2016,3348,0,5
2016,3349,0,2
2016,3350,0,4
2016,3351,0,2
2016,3353,1,2
2016,3354,0,1
2016,3355,1,6
2016,3358,0,4
2016,3360,1,2
2016,3361,0,3
2016,3362,1,3
2016,3363,0,3
2016,3365,0,3
2016,3367,0,2
2016,3368,0,2
2016,3369,0,1
2016,3370,0,1
2016,3371,1,1
2016,3372,0,1
2016,3373,0,1
2016,3374,0,3
2016,3375,0,2
2016,3376,2,3
2016,3378,0,5
2016,3379,0,1
2016,3380,0,1
2016,3382,3,4
2016,3383,0,1
2016,3385,0,2
2016,3386,1,4
2016,3387,1,3
2016,3388,0,2
2016,3389,0,1
2016,3390,2,7
2016,3391,0,3
2016,3392,0,3
2016,3393,1,6
2016,3394,0,1
2016,3395,0,5
2016,3396,0,3
2016,3397,4,7
2016,3399,0,2
2016,3400,0,3
2016,3401,0,3
2016,3402,0,2
2016,3403,0,5
2016,3404,0,2
2016,3405,0,2
2016,3406,0,2
2016,3407,1,3
2016,3408,0,4
2016,3409,0,2
2016,3410,0,1
2016,3413,0,1
2016,3414,0,2
2016,3415,0,2
2016,3416,0,1
2016,3417,3,8
2016,3418,0,2
2016,3419,0,2
2016,3420,0,3
2016,3422,0,1
2016,3423,0,2
2016,3424,0,2
2016,3425,2,8
2016,3426,0,3
2016,3427,0,1
2016,3428,1,6
2016,3429,0,3
2016,3430,0,1
2016,3433,2,4
2016,3434,0,4
2016,3435,0,2
2016,3436,0,3
2016,3437,1,2
2016,3438,1,5
2016,3439,0,3
2016,3442,0,2
2016,3443,1,1
2016,3444,0,1
2016,3447,0,1
2016,3448,0,3
2016,3449,2,8
2016,3450,0,5
2016,3451,0,1
2016,3452,1,6
2016,3454,0,3
2016,3455,0,1
2016,3456,1,2
2016,3457,0,1
2016,3458,0,3
2016,3460,1,3
2016,3461,0,2
2016,3463,0,6
2016,3464,0,2
2017,3101,0,1
2017,3103,0,2
2017,3104,0,2
2017,3105,0,1
2017,3106,0,2
2017,3110,1,3
2017,3111,0,1
2017,3112,0,7
2017,3113,0,10
2017,3114,0,2
2017,3115,0,1
2017,3116,0,2
2017,3119,0,2
2017,3120,1,4
2017,3122,0,2
2017,3123,0,1
2017,3124,3,4
2017,3125,0,2
2017,3127,0,1
2017,3129,0,1
2017,3130,0,5
2017,3131,0,2
2017,3132,0,1
2017,3133,0,4
2017,3137,0,1
2017,3139,0,5
2017,3140,0,2
2017,3141,0,2
2017,3142,0,2
2017,3143,1,7
2017,3145,0,4
2017,3150,1,2
2017,3151,0,4
2017,3152,0,1
2017,3153,0,3
2017,3155,0,7
2017,3156,0,4
2017,3158,0,4
2017,3159,0,2
2017,3160,0,7
2017,3161,0,1
2017,3163,9,9
2017,3166,3,6
2017,3167,0,1
2017,3169,0,2
2017,3173,0,2
2017,3174,0,2
2017,3176,0,3
2017,3177,1,8
2017,3178,1,3
2017,3179,0,1
2017,3180,0,3
2017,3181,3,6
2017,3182,0,2
2017,3183,0,2
2017,3184,0,4
2017,3186,0,3
2017,3187,0,4
2017,3188,0,2
2017,3189,1,3
2017,3190,0,1
2017,3191,0,3
2017,3193,1,3
2017,3194,0,1
2017,3195,0,2
2017,3196,1,4
2017,3198,0,1
2017,3199,2,4
2017,3200,0,1
2017,3201,1,2
2017,3203,1,2
2017,3207,0,5
2017,3208,0,4
2017,3209,0,1
2017,3210,0,5
2017,3211,1,2
2017,3213,0,2
2017,3214,1,2
2017,3216,0,1
2017,3217,1,1
2017,3218,0,2
2017,3220,0,3
2017,3221,1,3
2017,3222,0,3
2017,3223,0,1
2017,3225,0,2
2017,3226,0,1
2017,3227,0,2
2017,3228,0,3
2017,3229,0,4
2017,3231,0,3
2017,3232,0,2
2017,3233,1,3
2017,3234,0,6
2017,3235,1,4
2017,3236,0,3
2017,3237,2,4
2017,3239,0,1
2017,3240,0,3
2017,3241,2,4
2017,3242,0,2
2017,3243,0,4
2017,3244,0,1
2017,3245,0,2
2017,3246,1,6
2017,3247,0,1
2017,3248,0,3
2017,3249,0,1
2017,3250,0,2
2017,3251,0,1
2017,3252,0,2
2017,3253,0,2
2017,3254,0,1
2017,3255,0,2
2017,3256,0,2
2017,3257,2,8
2017,3258,0,1
2017,3259,0,4
2017,3260,0,3
2017,3261,0,4
2017,3262,0,1
2017,3263,0,2
2017,3264,0,3
2017,3265,0,2
2017,3266,5,6
2017,3267,0,2
2017,3268,1,3
2017,3271,0,1
2017,3272,0,3
2017,3273,0,1
2017,3274,2,8
2017,3276,0,4
2017,3277,2,5
2017,3278,1,8
2017,3279,0,3
2017,3280,0,2
2017,3281,2,4
2017,3282,0,1
2017,3283,0,2
2017,3284,1,2
2017,3287,0,2
2017,3290,0,1
2017,3291,0,1
2017,3292,0,3
2017,3293,0,1
2017,3295,0,2
2017,3296,0,2
2017,3297,0,2
2017,3298,0,3
2017,3299,0,1
2017,3301,4,5
2017,3303,0,3
2017,3304,0,5
2017,3307,0,1
2017,3308,0,1
2017,3310,0,3
2017,3312,0,1
2017,3314,2,7
2017,3315,0,1
2017,3316,0,1
2017,3317,0,2
2017,3318,0,4
2017,3320,0,3
2017,3321,0,4
2017,3322,0,1
2017,3323,8,9
2017,3324,1,2
2017,3326,1,4
2017,3328,0,2
2017,3329,0,3
2017,3330,0,3
2017,3331,0,2
2017,3332,2,10
2017,3333,6,9
2017,3334,0,2
2017,3335,0,2
2017,3336,0,2
2017,3337,0,1
2017,3338,0,5
2017,3339,0,2
2017,3341,0,1
2017,3342,0,1
2017,3344,1,4
2017,3345,1,5
2017,3346,0,2
2017,3349,0,1
2017,3351,0,3
2017,3353,1,6
2017,3355,1,4
2017,3356,0,2
2017,3359,0,1
2017,3363,0,1
2017,3364,0,1
2017,3365,1,1
2017,3366,0,2
2017,3368,0,1
2017,3369,0,3
2017,3370,0,1
2017,3371,0,5
2017,3373,0,2
2017,3374,0,4
2017,3376,5,7
2017,3377,0,2
2017,3378,2,7
2017,3379,0,3
2017,3380,0,2
2017,3381,0,1
2017,3382,0,1
2017,3384,0,1
2017,3385,2,5
2017,3386,0,2
2017,3389,0,4
2017,3390,2,5
2017,3393,0,7
2017,3395,0,3
2017,3396,2,4
2017,3397,4,6
2017,3398,0,2
2017,3399,0,2
2017,3400,2,7
2017,3401,0,4
2017,3402,0,1
2017,3403,0,3
2017,3404,0,4
2017,3405,0,2
2017,3406,0,3
2017,3407,1,1
2017,3408,0,5
2017,3409,0,5
2017,3412,0,5
2017,3413,0,2
2017,3416,0,3
2017,3417,3,8
2017,3418,0,1
2017,3420,0,1
2017,3423,0,2
2017,3424,0,1
2017,3425,1,8
2017,3426,1,1
2017,3427,1,1
2017,3428,0,7
2017,3431,0,1
2017,3434,0,4
2017,3435,1,4
2017,3436,0,1
2017,3437,0,7
2017,3438,1,6
2017,3439,0,4
2017,3441,0,1
2017,3442,0,1
2017,3443,0,2
2017,3448,1,6
2017,3449,1,5
2017,3450,1,8
2017,3452,1,3
2017,3453,4,5
2017,3454,2,5
2017,3455,0,4
2017,3456,0,3
2017,3457,0,3
2017,3458,1,5
2017,3460,0,2
2017,3461,0,1
2017,3462,0,4
2017,3463,0,1
2017,3464,0,2
2018,3101,0,1
2018,3102,0,1
2018,3103,0,4
2018,3104,0,3
2018,3106,0,1
2018,3112,0,3
2018,3113,1,7
2018,3114,0,1
2018,3116,0,2
2018,3117,0,2
2018,3120,0,2
2018,3122,0,1
2018,3123,0,3
2018,3124,3,4
2018,3125,2,2
2018,3130,0,4
2018,3132,0,4
2018,3133,0,1
2018,3135,0,2
2018,3137,0,1
2018,3138,1,3
2018,3139,0,4
2018,3140,0,2
2018,3141,2,4
2018,3143,0,5
2018,3144,0,1
2018,3145,0,3
2018,3146,0,1
2018,3150,0,2
2018,3151,1,5
2018,3153,0,5
2018,3155,0,6
2018,3156,1,2
2018,3158,0,6
2018,3160,0,4
2018,3161,1,1
2018,3162,0,5
2018,3163,9,9
2018,3164,0,1
2018,3165,0,3
2018,3166,1,5
2018,3169,0,1
2018,3171,0,3
2018,3172,0,3
2018,3173,0,3
2018,3174,1,7
2018,3175,0,2
2018,3176,0,2
2018,3177,1,4
2018,3178,0,2
2018,3179,0,2
2018,3180,1,3
2018,3181,2,5
2018,3182,1,2
2018,3183,0,2
2018,3184,0,2
2018,3185,0,4
2018,3186,0,2
2018,3187,0,3
2018,3188,0,4
2018,3189,2,3
2018,3190,0,4
2018,3193,0,2
2018,3194,0,1
2018,3195,2,4
2018,3196,0,5
2018,3198,0,2
2018,3199,1,4
2018,3200,0,1
2018,3202,0,2
2018,3203,0,4
2018,3204,0,1
2018,3207,1,3
2018,3208,1,5
2018,3209,0,1
2018,3210,1,6
2018,3211,0,2
2018,3212,0,1
2018,3214,0,3
2018,3217,1,3
2018,3218,0,1
2018,3220,0,4
2018,3222,0,2
2018,3223,0,1
2018,3224,0,1
2018,3225,0,1
2018,3227,0,2
2018,3228,0,2
2018,3231,0,3
2018,3232,0,1
2018,3233,0,2
2018,3234,3,4
2018,3235,0,6
2018,3236,0,3
2018,3237,0,3
2018,3239,0,4
2018,3240,0,4
2018,3241,2,6
2018,3242,0,4
2018,3243,0,6
2018,3244,0,2
2018,3245,0,6
2018,3246,0,8
2018,3247,0,1
2018,3248,0,2
2018,3249,0,1
2018,3252,0,4
2018,3256,0,1
2018,3257,5,7
2018,3258,0,2
2018,3260,0,2
2018,3261,0,4
2018,3263,0,2
2018,3264,0,1
2018,3265,0,3
2018,3266,1,5
2018,3268,1,4
2018,3270,0,2
2018,3271,0,1
2018,3272,0,5
2018,3274,0,5
2018,3275,0,4
2018,3276,1,4
2018,3277,2,5
2018,3278,0,2
2018,3279,0,4
2018,3280,3,4
2018,3281,2,4
2018,3283,0,1
2018,3284,0,3
2018,3285,0,1
2018,3287,0,2
2018,3290,0,1
2018,3291,0,1
2018,3292,0,1
2018,3293,0,3
2018,3294,1,2
2018,3295,0,3
2018,3296,1,3
2018,3297,1,3
2018,3299,0,1
2018,3300,0,1
2018,3301,2,6
2018,3303,0,2
2018,3304,0,2
2018,3305,0,1
2018,3310,1,4
2018,3311,0,1
2018,3312,0,4
2018,3314,0,4
2018,3315,0,2
2018,3316,1,3
2018,3318,0,4
2018,3320,0,1
2018,3321,0,3
2018,3322,0,1
2018,3323,5,8
2018,3324,0,3
2018,3325,0,4
2018,3326,2,4
2018,3328,2,10
2018,3329,1,6
2018,3331,0,2
2018,3332,3,5
2018,3333,2,5
2018,3334,0,2
2018,3335,0,4
2018,3336,1,3
2018,3337,0,3
2018,3338,0,4
2018,3339,0,2
2018,3340,0,1
2018,3342,0,2
2018,3343,1,1
2018,3344,0,3
2018,3345,1,2
2018,3346,1,3
2018,3350,0,1
2018,3351,0,3
2018,3353,1,4
2018,3354,0,1
2018,3355,0,3
2018,3357,0,1
2018,3359,0,5
2018,3360,0,3
2018,3361,0,1
2018,3362,0,3
2018,3363,0,1
2018,3364,0,1
2018,3365,0,2
2018,3366,0,1
2018,3367,0,2
2018,3369,0,2
2018,3371,0,5
2018,3373,0,3
2018,3374,0,2
2018,3376,1,4
2018,3377,2,3
2018,3378,1,5
2018,3379,0,1
2018,3380,0,1
2018,3381,0,1
2018,3382,0,1
2018,3384,0,1
2018,3385,0,5
2018,3386,0,2
2018,3387,0,1
2018,3388,1,2
2018,3389,0,1
2018,3390,3,9
2018,3391,0,4
2018,3393,2,5
2018,3395,1,5
2018,3396,0,5
2018,3397,3,6
2018,3398,0,3
2018,3399,0,2
2018,3400,1,5
2018,3401,0,5
2018,3403,0,4
2018,3404,0,3
2018,3405,0,5
2018,3406,0,4
2018,3408,0,5
2018,3409,0,3
2018,3415,0,1
2018,3416,0,7
2018,3417,1,5
2018,3418,0,1
2018,3420,0,1
2018,3421,0,1
2018,3422,0,2
2018,3423,0,5
2018,3424,1,3
2018,3425,0,4
2018,3427,0,1
2018,3428,0,3
2018,3433,0,1
2018,3435,0,5
2018,3437,2,3
2018,3438,0,6
2018,3439,1,5
2018,3441,0,4
2018,3442,0,4
2018,3443,1,2
2018,3444,0,4
2018,3447,0,1
2018,3448,1,4
2018,3449,0,5
2018,3450,0,5
2018,3451,0,1
2018,3452,1,6
2018,3453,1,2
2018,3454,0,2
2018,3455,1,3
2018,3456,1,5
2018,3457,0,2
2018,3458,0,2
2018,3459,0,3
2018,3460,1,4
2018,3462,0,2
2018,3463,1,3
2018,3464,0,3
2019,3101,0,1
2019,3102,0,3
2019,3103,0,3
2019,3104,0,1
2019,3110,0,6
2019,3112,0,5
2019,3113,0,6
2019,3114,0,2
2019,3116,0,2
2019,3117,0,1
2019,3119,0,2
2019,3120,0,1
2019,3122,0,1
2019,3123,0,5
2019,3124,2,3
2019,3125,0,1
2019,3127,0,3
2019,3129,0,1
2019,3130,0,4
2019,3131,1,2
2019,3132,0,3
2019,3133,0,2
2019,3135,0,1
2019,3137,1,1
2019,3138,4,9
2019,3139,1,4
2019,3140,3,3
2019,3141,2,5
2019,3142,0,2
2019,3143,1,5
2019,3145,0,2
2019,3150,0,1
2019,3151,0,5
2019,3153,0,2
2019,3155,1,5
2019,3156,0,1
2019,3157,0,1
2019,3158,0,2
2019,3159,0,2
2019,3160,0,2
2019,3161,0,3
2019,3163,2,4
2019,3164,0,4
2019,3166,2,7
2019,3168,0,2
2019,3169,0,5
2019,3170,0,1
2019,3172,0,1
2019,3173,0,2
2019,3174,0,3
2019,3175,0,1
2019,3176,0,2
2019,3177,1,5
2019,3179,0,3
2019,3180,1,4
2019,3181,1,4
2019,3183,0,1
2019,3184,0,3
2019,3185,0,4
2019,3186,0,2
2019,3187,0,2
2019,3188,0,1
2019,3189,0,2
2019,3191,0,2
2019,3193,0,4
2019,3194,0,1
2019,3195,0,2
2019,3196,0,1
2019,3198,0,2
2019,3199,2,5
2019,3201,0,3
2019,3202,0,1
2019,3203,0,3
2019,3207,0,8
2019,3208,0,2
2019,3209,0,1
2019,3210,0,5
2019,3211,1,2
2019,3214,1,2
2019,3216,0,1
2019,3217,0,2
2019,3218,1,5
2019,3220,1,3
2019,3221,1,3
2019,3222,0,3
2019,3225,0,3
2019,3226,0,1
2019,3227,0,1
2019,3228,0,4
2019,3229,0,3
2019,3230,0,1
2019,3231,1,3
2019,3232,0,2
2019,3233,0,3
2019,3234,3,4
2019,3235,2,6
2019,3236,0,3
2019,3237,0,2
2019,3238,0,1
2019,3239,0,2
2019,3240,0,2
2019,3241,0,1
2019,3242,0,2
2019,3243,0,4
2019,3244,0,3
2019,3245,0,4
2019,3246,0,2
2019,3248,0,2
2019,3249,0,2
2019,3250,0,3
2019,3251,0,4
2019,3252,0,3
2019,3253,0,3
2019,3256,0,2
2019,3257,5,7
2019,3258,1,3
2019,3259,0,4
2019,3260,0,3
2019,3261,0,2
2019,3263,0,1
2019,3264,0,2
2019,3265,0,3
2019,3266,3,6
2019,3267,0,1
2019,3268,1,3
2019,3269,0,1
2019,3270,0,1
2019,3272,0,1
2019,3274,3,5
2019,3275,2,5
2019,3276,1,6
2019,3277,3,6
2019,3278,0,2
2019,3279,0,3
2019,3280,1,2
2019,3281,2,3
2019,3283,2,4
2019,3284,0,4
2019,3285,1,2
2019,3286,0,2
2019,3287,0,3
2019,3288,0,1
2019,3292,0,3
2019,3293,0,1
2019,3295,0,2
2019,3296,0,4
2019,3297,0,2
2019,3298,0,2
2019,3300,0,1
2019,3301,1,4
2019,3303,0,2
2019,3304,0,6
2019,3305,0,4
2019,3307,0,1
2019,3309,0,1
2019,3310,0,2
2019,3311,0,1
2019,3312,0,3
2019,3314,3,6
2019,3315,0,2
2019,3316,0,2
2019,3317,0,3
2019,3318,0,2
2019,3320,0,5
2019,3321,0,4
2019,3323,8,9
2019,3324,0,1
2019,3325,1,2
2019,3326,0,4
2019,3328,0,4
2019,3329,0,2
2019,3330,0,2
2019,3331,0,4
2019,3332,3,4
2019,3333,1,4
2019,3334,1,3
2019,3335,0,1
2019,3336,0,3
2019,3337,0,2
2019,3338,0,4
2019,3339,0,2
2019,3340,1,1
2019,3341,0,1
2019,3343,1,2
2019,3344,0,6
2019,3345,1,5
2019,3346,0,2
2019,3347,0,1
2019,3350,0,2
2019,3351,0,3
2019,3352,0,2
2019,3353,1,6
2019,3355,3,6
2019,3356,0,2
2019,3360,0,2
2019,3361,0,2
2019,3362,0,4
2019,3363,0,2
2019,3364,0,2
2019,3365,0,2
2019,3366,0,2
2019,3369,0,4
2019,3370,0,1
2019,3371,1,5
2019,3373,0,2
2019,3374,0,2
2019,3376,0,6
2019,3377,1,4
2019,3378,0,3
2019,3379,0,2
2019,3380,0,1
2019,3381,0,2
2019,3382,0,2
2019,3384,0,3
2019,3385,1,7
2019,3387,0,1
2019,3388,0,5
2019,3389,0,1
2019,3390,4,6
2019,3391,0,2
2019,3393,2,7
2019,3395,0,2
2019,3396,0,3
2019,3397,1,5
2019,3398,0,4
2019,3399,1,3
2019,3400,1,4
2019,3401,1,2
2019,3403,0,3
2019,3404,1,4
2019,3405,3,5
2019,3406,0,2
2019,3408,1,2
2019,3409,0,2
2019,3410,0,1
2019,3411,0,1
2019,3412,1,2
2019,3413,0,1
2019,3414,0,4
2019,3415,0,3
2019,3416,1,5
2019,3417,2,6
2019,3418,0,1
2019,3420,0,1
2019,3423,1,3
2019,3424,0,3
2019,3425,0,4
2019,3427,0,2
2019,3428,1,2
2019,3429,1,2
2019,3431,0,1
2019,3434,0,3
2019,3435,0,4
2019,3437,0,4
2019,3438,0,6
2019,3439,0,3
2019,3442,0,3
2019,3443,0,7
2019,3444,0,3
2019,3448,1,5
2019,3449,0,7
2019,3450,1,7
2019,3452,0,3
2019,3453,0,3
2019,3454,0,1
2019,3455,0,1
2019,3456,0,2
2019,3457,0,1
2019,3458,0,2
2019,3460,0,1
2019,3461,2,4
2019,3462,0,4
2019,3464,0,1
2019,3466,0,2
2020,3104,1,2
2020,3106,0,2
2020,3107,0,4
2020,3110,0,2
2020,3111,0,3
2020,3112,2,6
2020,3113,1,5
2020,3114,0,3
2020,3116,1,5
2020,3117,0,4
2020,3119,0,3
2020,3120,0,3
2020,3124,2,3
2020,3125,0,1
2020,3126,0,1
2020,3127,0,3
2020,3129,0,2
2020,3130,0,5
2020,3131,1,3
2020,3133,0,2
2020,3135,0,2
2020,3137,0,1
2020,3138,0,1
2020,3139,0,3
2020,3140,0,2
2020,3141,1,2
2020,3143,0,6
2020,3145,0,4
2020,3148,0,1
2020,3151,0,3
2020,3153,0,4
2020,3155,0,4
2020,3157,1,2
2020,3158,0,2
2020,3159,0,3
2020,3160,0,6
2020,3162,0,2
2020,3163,1,4
2020,3164,0,1
2020,3165,0,2
2020,3166,1,3
2020,3167,0,1
2020,3169,0,1
2020,3170,0,2
2020,3171,0,3
2020,3173,0,3
2020,3174,0,3
2020,3175,0,2
2020,3176,0,2
2020,3177,1,2
2020,3179,0,3
2020,3180,1,4
2020,3181,2,7
2020,3186,0,4
2020,3187,0,2
2020,3189,0,4
2020,3190,0,1
2020,3191,0,2
2020,3193,1,4
2020,3195,0,1
2020,3196,0,3
2020,3198,0,1
2020,3199,2,4
2020,3203,0,3
2020,3204,0,1
2020,3206,0,1
2020,3207,0,4
2020,3208,0,6
2020,3209,0,2
2020,3210,1,3
2020,3211,2,3
2020,3212,0,1
2020,3216,1,3
2020,3217,0,2
2020,3218,0,1
2020,3220,0,3
2020,3221,0,2
2020,3222,0,3
2020,3223,0,1
2020,3224,0,1
2020,3225,1,2
2020,3226,0,2
2020,3228,0,5
2020,3229,1,2
2020,3231,1,7
2020,3232,0,2
2020,3233,0,5
2020,3234,4,5
2020,3235,1,2
2020,3236,0,2
2020,3238,0,2
2020,3239,0,2
2020,3240,0,1
2020,3241,0,1
2020,3242,0,2
2020,3243,0,3
2020,3244,0,2
2020,3245,0,1
2020,3246,1,5
2020,3247,0,1
2020,3248,0,2
2020,3249,0,2
2020,3250,0,2
2020,3251,0,3
2020,3252,0,5
2020,3253,0,2
2020,3254,0,1
2020,3255,0,1
2020,3257,2,2
2020,3258,0,3
2020,3259,1,4
2020,3260,0,3
2020,3261,1,4
2020,3262,0,2
2020,3263,1,3
2020,3264,0,5
2020,3265,1,3
2020,3266,1,5
2020,3268,5,8
2020,3272,0,2
2020,3274,0,4
2020,3275,0,1
2020,3276,1,6
2020,3277,0,4
2020,3278,1,6
2020,3279,0,3
2020,3280,1,4
2020,3281,0,5
2020,3282,0,1
2020,3283,1,2
2020,3284,0,7
2020,3285,0,3
2020,3286,0,1
2020,3287,0,1
2020,3288,0,1
2020,3291,0,1
2020,3292,0,1
2020,3293,0,2
2020,3294,0,5
2020,3295,0,2
2020,3296,0,1
2020,3297,0,1
2020,3298,0,2
2020,3299,0,1
2020,3301,1,2
2020,3303,0,3
2020,3304,0,4
2020,3306,0,4
2020,3310,0,5
2020,3311,0,1
2020,3312,0,2
2020,3314,1,3
2020,3315,0,2
2020,3316,1,6
2020,3317,0,1
2020,3318,0,4
2020,3319,0,3
2020,3320,0,2
2020,3321,2,4
2020,3323,0,6
2020,3326,2,9
2020,3328,0,4
2020,3329,0,4
2020,3331,0,3
2020,3332,5,6
2020,3333,2,8
2020,3334,0,3
2020,3335,0,2
2020,3336,0,6
2020,3337,0,2
2020,3338,0,4
2020,3339,1,3
2020,3340,0,2
2020,3343,3,3
2020,3344,0,3
2020,3345,0,7
2020,3346,1,6
2020,3351,1,3
2020,3352,0,1
2020,3353,0,4
2020,3355,1,6
2020,3356,1,2
2020,3357,0,1
2020,3359,0,1
2020,3360,0,2
2020,3362,0,4
2020,3365,0,3
2020,3367,0,1
2020,3370,0,1
2020,3371,0,5
2020,3373,0,4
2020,3374,0,1
2020,3375,0,2
2020,3376,6,7
2020,3377,0,2
2020,3378,0,6
2020,3379,0,1
2020,3381,0,2
2020,3382,0,1
2020,3383,0,2
2020,3384,0,2
2020,3385,0,3
2020,3387,0,1
2020,3388,1,3
2020,3389,1,4
2020,3390,3,7
2020,3391,0,2
2020,3392,1,1
2020,3393,1,6
2020,3394,0,1
2020,3395,0,2
2020,3396,1,5
2020,3397,0,4
2020,3400,1,4
2020,3401,1,3
2020,3402,0,1
2020,3403,0,2
2020,3404,0,3
2020,3405,0,1
2020,3406,1,2
2020,3407,0,1
2020,3408,0,1
2020,3409,0,1
2020,3411,0,2
2020,3413,0,2
2020,3415,0,1
2020,3416,0,5
2020,3417,2,4
2020,3418,1,3
2020,3419,0,2
2020,3420,0,2
2020,3423,0,3
2020,3425,1,5
2020,3426,0,5
2020,3428,0,8
2020,3429,0,1
2020,3434,0,3
2020,3435,0,4
2020,3436,0,2
2020,3437,1,3
2020,3438,2,8
2020,3439,0,3
2020,3442,0,2
2020,3443,0,1
2020,3444,0,1
2020,3447,0,3
2020,3448,0,2
2020,3449,1,5
2020,3450,0,9
2020,3451,0,3
2020,3452,1,3
2020,3453,0,4
2020,3454,0,1
2020,3455,1,3
2020,3456,0,2
2020,3458,0,3
2020,3461,0,1
2020,3462,0,4
2020,3463,0,3
2020,3464,0,1
2020,3465,0,1
2020,3466,1,2
2021,3101,0,3
2021,3104,0,5
2021,3105,1,4
2021,3106,1,3
2021,3107,0,4
2021,3108,0,2
2021,3111,1,6
2021,3112,0,2
2021,3113,1,3
2021,3114,0,1
2021,3115,0,2
2021,3116,3,8
2021,3119,0,1
2021,3120,0,6
2021,3122,0,3
2021,3124,1,1
2021,3125,1,2
2021,3127,0,2
2021,3130,0,4
2021,3133,0,2
2021,3139,0,2
2021,3140,1,3
2021,3142,0,2
2021,3143,0,2
2021,3145,0,2
2021,3146,0,4
2021,3151,0,1
2021,3152,0,2
2021,3153,0,2
2021,3155,0,2
2021,3157,0,5
2021,3158,0,1
2021,3160,1,2
2021,3163,1,1
2021,3166,0,3
2021,3170,0,2
2021,3172,0,2
2021,3177,0,4
2021,3179,0,3
2021,3180,1,3
2021,3181,0,1
2021,3183,0,5
2021,3184,0,6
2021,3185,0,1
2021,3186,0,1
2021,3187,0,2
2021,3188,0,4
2021,3189,1,3
2021,3191,0,2
2021,3193,1,3
2021,3195,0,1
2021,3196,0,4
2021,3198,0,2
2021,3199,1,2
2021,3202,0,1
2021,3203,1,1
2021,3204,1,4
2021,3207,0,2
2021,3208,1,4
2021,3209,0,4
2021,3210,0,4
2021,3211,0,2
2021,3212,0,2
2021,3213,0,4
2021,3216,0,2
2021,3220,0,3
2021,3222,2,3
2021,3225,1,3
2021,3228,0,3
2021,3229,0,2
2021,3230,0,1
2021,3231,0,1
2021,3234,0,4
2021,3235,1,4
2021,3238,0,1
2021,3239,0,4
2021,3240,1,4
2021,3241,1,3
2021,3242,0,2
2021,3243,1,4
2021,3244,0,2
2021,3246,3,7
2021,3249,0,4
2021,3251,0,3
2021,3252,0,3
2021,3256,1,1
2021,3257,2,4
2021,3258,0,2
2021,3260,0,2
2021,3261,2,6
2021,3262,0,3
2021,3264,0,2
2021,3266,1,4
2021,3268,1,2
2021,3270,0,1
2021,3272,0,1
2021,3273,0,1
2021,3274,0,2
2021,3276,0,2
2021,3277,1,4
2021,3278,0,3
2021,3279,1,4
2021,3280,3,6
2021,3281,0,4
2021,3282,0,2
2021,3283,2,3
2021,3285,0,3
2021,3286,1,3
2021,3287,0,4
2021,3290,0,3
2021,3292,1,2
2021,3293,1,5
2021,3294,0,3
2021,3295,0,2
2021,3297,0,1
2021,3300,0,1
2021,3301,3,3
2021,3303,1,3
2021,3304,1,4
2021,3306,1,3
2021,3308,0,3
2021,3309,0,2
2021,3310,0,2
2021,3311,0,1
2021,3312,0,2
2021,3314,1,3
2021,3315,0,2
2021,3316,0,3
2021,3318,0,5
2021,3319,0,2
2021,3320,1,4
2021,3321,0,3
2021,3322,0,4
2021,3323,0,2
2021,3326,2,3
2021,3328,0,3
2021,3329,0,2
2021,3331,0,2
2021,3332,0,2
2021,3333,0,2
2021,3334,0,3
2021,3336,0,4
2021,3337,0,3
2021,3338,0,3
2021,3339,0,2
2021,3340,0,3
2021,3341,0,1
2021,3344,0,2
2021,3345,0,4
2021,3346,1,2
2021,3348,0,1
2021,3349,0,1
2021,3351,0,2
2021,3353,0,1
2021,3355,2,2
2021,3356,0,3
2021,3358,0,4
2021,3359,0,2
2021,3360,0,1
2021,3361,0,1
2021,3362,0,2
2021,3364,0,1
2021,3365,0,3
2021,3368,0,1
2021,3369,1,4
2021,3370,0,2
2021,3371,0,2
2021,3372,1,1
2021,3373,0,3
2021,3375,0,2
2021,3376,3,6
2021,3377,0,4
2021,3378,0,1
2021,3380,0,3
2021,3385,0,4
2021,3388,0,3
2021,3389,1,3
2021,3391,0,3
2021,3392,2,3
2021,3393,0,3
2021,3394,0,1
2021,3395,0,3
2021,3396,0,3
2021,3397,2,7
2021,3398,0,3
2021,3399,1,4
2021,3400,0,4
2021,3401,2,3
2021,3402,0,1
2021,3403,0,2
2021,3404,1,4
2021,3406,0,3
2021,3408,0,3
2021,3409,0,2
2021,3410,0,2
2021,3411,0,2
2021,3414,0,1
2021,3415,0,1
2021,3416,1,4
2021,3417,1,3
2021,3418,0,1
2021,3423,0,3
2021,3424,0,1
2021,3425,0,3
2021,3426,0,1
2021,3428,0,2
2021,3429,0,1
2021,3430,0,2
2021,3433,0,1
2021,3434,0,2
2021,3435,0,1
2021,3437,0,2
2021,3439,1,4
2021,3442,0,2
2021,3448,1,5
2021,3449,0,2
2021,3450,0,2
2021,3451,0,2
2021,3452,0,3
2021,3455,0,2
2021,3456,0,2
2021,3458,0,4
2021,3461,0,1
2021,3462,0,2
2021,3466,0,3
2021,3468,0,3
2021,3470,0,2
2022,3101,0,2
2022,3103,0,5
2022,3104,0,2
2022,3105,0,1
2022,3108,0,2
2022,3112,1,2
2022,3113,0,3
2022,3116,1,5
2022,3120,0,2
2022,3123,3,8
2022,3124,4,5
2022,3125,0,2
2022,3129,0,1
2022,3130,1,4
2022,3131,0,1
2022,3132,0,6
2022,3133,0,2
2022,3135,0,3
2022,3137,1,1
2022,3138,0,3
2022,3139,0,2
2022,3140,2,3
2022,3141,0,4
2022,3142,0,1
2022,3143,0,1
2022,3145,0,3
2022,3146,0,2
2022,3148,0,1
2022,3150,0,1
2022,3152,0,2
2022,3153,1,2
2022,3155,0,5
2022,3156,0,2
2022,3158,1,3
2022,3160,0,3
2022,3161,0,1
2022,3162,0,3
2022,3163,0,2
2022,3165,0,2
2022,3166,0,3
2022,3169,0,1
2022,3171,0,3
2022,3172,1,3
2022,3173,2,3
2022,3174,1,4
2022,3176,0,2
2022,3177,0,2
2022,3178,0,2
2022,3179,0,2
2022,3181,2,6
2022,3182,0,3
2022,3183,0,1
2022,3184,0,4
2022,3185,0,4
2022,3186,0,1
2022,3187,0,1
2022,3188,0,1
2022,3189,0,4
2022,3191,0,1
2022,3193,0,2
2022,3195,4,5
2022,3196,2,5
2022,3197,0,1
2022,3199,0,4
2022,3200,1,6
2022,3201,0,2
2022,3203,0,1
2022,3206,0,2
2022,3207,0,2
2022,3208,1,4
2022,3210,1,3
2022,3211,2,6
2022,3213,0,3
2022,3214,0,1
2022,3216,0,1
2022,3217,0,4
2022,3218,0,1
2022,3219,0,3
2022,3220,0,3
2022,3221,0,1
2022,3222,0,4
2022,3225,0,1
2022,3226,0,3
2022,3227,0,2
2022,3228,0,2
2022,3229,0,1
2022,3231,1,6
2022,3233,0,4
2022,3234,1,3
2022,3235,2,8
2022,3236,0,1
2022,3237,1,1
2022,3238,0,1
2022,3239,0,4
2022,3240,1,4
2022,3241,0,4
2022,3242,1,6
2022,3243,1,9
2022,3244,0,4
2022,3245,0,4
2022,3246,2,6
2022,3247,0,2
2022,3249,0,2
2022,3251,0,2
2022,3252,0,3
2022,3255,0,2
2022,3257,1,2
2022,3258,0,3
2022,3259,0,1
2022,3261,1,3
2022,3262,0,1
2022,3263,0,2
2022,3264,0,4
2022,3265,1,3
2022,3266,0,3
2022,3268,2,5
2022,3269,2,4
2022,3271,0,1
2022,3272,1,2
2022,3273,0,1
2022,3274,1,4
2022,3275,0,4
2022,3276,3,5
2022,3277,0,2
2022,3278,0,3
2022,3279,0,4
2022,3280,1,3
2022,3281,1,3
2022,3282,0,3
2022,3283,1,2
2022,3284,0,2
2022,3285,0,1
2022,3286,0,2
2022,3287,0,1
2022,3288,0,1
2022,3295,0,2
2022,3296,1,4
2022,3297,1,2
2022,3298,0,2
2022,3299,0,1
2022,3301,1,2
2022,3303,0,3
2022,3304,1,4
2022,3306,0,1
2022,3307,0,1
2022,3308,0,3
2022,3309,0,2
2022,3310,0,4
2022,3311,0,1
2022,3314,1,3
2022,3315,0,2
2022,3316,0,5
2022,3317,0,1
2022,3318,0,2
2022,3320,0,2
2022,3321,2,4
2022,3323,1,4
2022,3324,0,4
2022,3325,2,6
2022,3326,1,1
2022,3328,6,10
2022,3329,0,7
2022,3331,0,2
2022,3332,1,4
2022,3333,0,3
2022,3334,0,5
2022,3335,0,2
2022,3336,0,2
2022,3337,0,3
2022,3338,0,4
2022,3339,2,6
2022,3341,0,1
2022,3343,2,3
2022,3344,0,3
2022,3345,0,2
2022,3346,0,2
2022,3348,3,6
2022,3350,0,2
2022,3351,0,2
2022,3352,0,3
2022,3353,1,2
2022,3355,1,5
2022,3358,0,2
2022,3359,0,2
2022,3360,0,5
2022,3362,0,5
2022,3365,0,4
2022,3368,0,1
2022,3369,0,2
2022,3370,0,1
2022,3371,2,5
2022,3372,0,1
2022,3373,1,2
2022,3374,0,1
2022,3376,6,6
2022,3377,0,1
2022,3378,1,5
2022,3380,0,2
2022,3382,0,2
2022,3384,0,1
2022,3385,0,2
2022,3386,0,4
2022,3387,0,5
2022,3388,0,5
2022,3389,0,2
2022,3390,2,4
2022,3391,1,6
2022,3393,0,4
2022,3395,0,6
2022,3396,0,4
2022,3397,2,6
2022,3399,0,1
2022,3400,6,8
2022,3401,2,7
2022,3402,0,1
2022,3403,1,7
2022,3404,0,1
2022,3405,1,2
2022,3406,1,4
2022,3408,0,3
2022,3409,0,2
2022,3410,1,4
2022,3411,0,1
2022,3413,1,2
2022,3416,0,1
2022,3417,0,2
2022,3418,0,1
2022,3419,0,1
2022,3423,0,2
2022,3425,0,2
2022,3426,0,1
2022,3427,0,1
2022,3428,0,5
2022,3429,0,1
2022,3430,0,2
2022,3433,1,5
2022,3434,0,1
2022,3435,0,2
2022,3436,0,1
2022,3437,1,3
2022,3438,0,3
2022,3439,0,5
2022,3442,0,3
2022,3444,0,4
2022,3448,0,2
2022,3449,0,2
2022,3450,1,5
2022,3452,0,8
2022,3453,1,2
2022,3454,0,2
2022,3455,0,3
2022,3456,0,2
2022,3458,0,1
2022,3459,0,1
2022,3460,0,4
2022,3461,0,1
2022,3462,0,2
2022,3463,1,4
2022,3464,0,2
2022,3465,0,1
2022,3466,0,2
2022,3468,0,3
2022,3469,0,1
2022,3470,0,1
2022,3472,0,2
2023,3102,0,1
2023,3103,0,4
2023,3104,1,5
2023,3107,0,1
2023,3110,0,2
2023,3111,1,1
2023,3112,1,4
2023,3113,0,5
2023,3115,0,1
2023,3116,0,5
2023,3120,0,4
2023,3122,0,4
2023,3123,1,6
2023,3124,1,2
2023,3125,0,3
2023,3129,0,2
2023,3130,0,4
2023,3132,1,4
2023,3135,0,3
2023,3137,0,1
2023,3138,1,4
2023,3139,0,5
2023,3140,0,4
2023,3141,0,4
2023,3142,0,2
2023,3143,0,5
2023,3144,0,3
2023,3145,0,1
2023,3146,0,1
2023,3148,0,1
2023,3149,0,4
2023,3150,0,3
2023,3152,0,2
2023,3153,0,2
2023,3155,2,5
2023,3156,1,3
2023,3157,0,1
2023,3158,0,1
2023,3160,1,4
2023,3161,0,2
2023,3162,2,3
2023,3163,6,9
2023,3165,0,2
2023,3166,2,7
2023,3167,0,1
2023,3169,0,1
2023,3171,0,4
2023,3172,0,3
2023,3173,0,2
2023,3174,0,1
2023,3176,0,2
2023,3177,1,7
2023,3178,0,5
2023,3179,1,3
2023,3181,4,7
2023,3182,0,1
2023,3184,0,1
2023,3185,0,4
2023,3187,0,2
2023,3190,0,2
2023,3191,0,1
2023,3194,0,2
2023,3195,0,2
2023,3196,1,3
2023,3197,0,1
2023,3198,0,4
2023,3199,1,4
2023,3200,0,4
2023,3201,0,2
2023,3202,0,1
2023,3203,0,2
2023,3204,0,1
2023,3206,0,4
2023,3207,0,5
2023,3208,0,4
2023,3209,0,1
2023,3210,0,4
2023,3211,0,1
2023,3212,0,2
2023,3214,0,1
2023,3216,0,1
2023,3217,1,4
2023,3218,0,4
2023,3219,0,4
2023,3220,0,1
2023,3222,1,3
2023,3223,0,1
2023,3225,0,1
2023,3228,1,5
2023,3229,0,2
2023,3231,3,4
2023,3234,3,6
2023,3235,2,3
2023,3236,0,6
2023,3237,0,5
2023,3239,0,3
2023,3240,0,1
2023,3243,1,2
2023,3244,0,1
2023,3245,0,5
2023,3246,0,5
2023,3247,0,3
2023,3249,0,1
2023,3250,0,1
2023,3251,1,4
2023,3252,0,2
2023,3253,0,1
2023,3255,0,3
2023,3256,0,2
2023,3257,1,9
2023,3258,0,2
2023,3259,0,1
2023,3260,0,1
2023,3261,0,1
2023,3262,0,2
2023,3263,0,3
2023,3265,0,2
2023,3266,2,6
2023,3267,0,1
2023,3268,3,7
2023,3272,0,5
2023,3273,1,3
2023,3274,1,4
2023,3275,0,3
2023,3276,1,6
2023,3277,1,5
2023,3278,0,3
2023,3279,0,4
2023,3280,0,3
2023,3281,1,4
2023,3282,0,2
2023,3283,0,2
2023,3285,0,1
2023,3286,1,2
2023,3287,0,2
2023,3290,0,2
2023,3291,0,1
2023,3295,0,3
2023,3296,2,4
2023,3297,1,6
2023,3299,0,1
2023,3301,3,9
2023,3303,0,3
2023,3304,1,6
2023,3305,0,3
2023,3306,0,1
2023,3307,0,2
2023,3314,3,7
2023,3315,0,2
2023,3316,0,1
2023,3317,0,2
2023,3318,0,2
2023,3319,0,1
2023,3320,0,2
2023,3321,0,5
2023,3322,0,1
2023,3323,2,4
2023,3324,0,5
2023,3325,0,2
2023,3326,2,8
2023,3328,0,1
2023,3329,1,1
2023,3330,0,1
2023,3331,0,4
2023,3332,0,3
2023,3333,0,5
2023,3334,1,4
2023,3335,0,4
2023,3336,1,5
2023,3337,0,3
2023,3338,0,5
2023,3339,1,4
2023,3342,0,2
2023,3343,0,2
2023,3344,0,4
2023,3345,0,5
2023,3346,0,1
2023,3347,0,3
2023,3348,1,3
2023,3349,0,2
2023,3350,0,3
2023,3352,0,4
2023,3353,0,6
2023,3355,0,1
2023,3356,0,1
2023,3360,0,3
2023,3361,0,4
2023,3362,0,2
2023,3363,0,2
2023,3365,1,3
2023,3367,0,3
2023,3368,0,2
2023,3371,0,5
2023,3372,0,1
2023,3374,1,3
2023,3376,5,5
2023,3377,0,2
2023,3378,0,1
2023,3380,0,1
2023,3381,0,2
2023,3382,0,3
2023,3385,1,4
2023,3386,0,2
2023,3387,2,3
2023,3388,0,2
2023,3389,0,1
2023,3390,3,5
2023,3391,0,3
2023,3393,0,4
2023,3395,0,1
2023,3396,0,3
2023,3397,2,10
2023,3399,0,1
2023,3400,1,3
2023,3401,0,4
2023,3403,1,1
2023,3404,0,1
2023,3405,2,4
2023,3406,0,2
2023,3408,0,3
2023,3409,0,2
2023,3410,0,1
2023,3412,0,3
2023,3413,0,1
2023,3415,0,1
2023,3416,0,2
2023,3417,2,6
2023,3421,0,4
2023,3422,0,1
2023,3425,1,3
2023,3426,0,1
2023,3427,1,2
2023,3428,1,2
2023,3429,0,1
2023,3430,0,2
2023,3431,1,3
2023,3433,0,2
2023,3434,0,1
2023,3435,0,3
2023,3436,0,1
2023,3437,2,5
2023,3438,0,5
2023,3439,2,4
2023,3441,0,1
2023,3442,0,2
2023,3443,0,3
2023,3444,0,5
2023,3448,0,3
2023,3449,1,3
2023,3450,2,5
2023,3451,0,1
2023,3453,2,3
2023,3454,1,5
2023,3455,1,2
2023,3457,0,2
2023,3458,0,5
2023,3460,0,7
2023,3461,0,4
2023,3462,0,4
2023,3463,0,3
2023,3464,1,4
2023,3466,0,2
2023,3467,0,1
2023,3468,0,3
2023,3472,0,3
2023,3473,0,1
2023,3474,0,2
2023,3475,0,1
2023,3477,0,1
2024,3101,1,2
2024,3102,0,2
2024,3103,0,1
2024,3104,0,4
2024,3107,0,1
2024,3110,0,1
2024,3111,0,4
2024,3112,1,10
2024,3113,0,7
2024,3116,0,3
2024,3117,0,2
2024,3120,1,4
2024,3122,0,3
2024,3123,0,2
2024,3124,1,2
2024,3125,1,5
2024,3129,0,3
2024,3130,0,4
2024,3132,1,3
2024,3133,0,2
2024,3135,0,3
2024,3138,0,1
2024,3139,0,1
2024,3140,0,1
2024,3141,0,1
2024,3142,0,2
2024,3143,1,7
2024,3144,1,3
2024,3145,0,3
2024,3146,0,2
2024,3148,0,1
2024,3150,0,1
2024,3151,0,2
2024,3152,0,2
2024,3153,0,2
2024,3155,0,3
2024,3156,0,1
2024,3157,0,2
2024,3158,0,2
2024,3160,3,7
2024,3161,0,3
2024,3162,1,4
2024,3163,0,5
2024,3164,0,1
2024,3165,0,4
2024,3166,2,4
2024,3168,0,2
2024,3169,0,1
2024,3170,0,2
2024,3171,0,2
2024,3172,0,1
2024,3173,0,2
2024,3174,0,2
2024,3175,0,2
2024,3176,0,2
2024,3177,0,3
2024,3178,1,2
2024,3179,0,2
2024,3180,1,5
2024,3181,3,8
2024,3182,1,4
2024,3184,0,1
2024,3186,0,1
2024,3187,0,2
2024,3188,0,1
2024,3189,0,3
2024,3191,0,2
2024,3192,0,2
2024,3195,0,2
2024,3196,0,3
2024,3197,0,1
2024,3198,0,3
2024,3199,0,5
2024,3200,0,2
2024,3201,0,2
2024,3203,0,2
2024,3204,0,2
2024,3205,0,2
2024,3206,2,2
2024,3207,0,3
2024,3208,0,2
2024,3209,0,2
2024,3210,0,2
2024,3211,3,3
2024,3213,1,3
2024,3214,0,1
2024,3217,0,2
2024,3218,0,2
2024,3219,0,1
2024,3220,0,2
2024,3221,0,1
2024,3222,0,2
2024,3225,0,2
2024,3226,0,2
2024,3227,0,2
2024,3228,0,3
2024,3229,1,3
2024,3231,2,5
2024,3232,0,3
2024,3233,0,3
2024,3234,4,5
2024,3235,0,4
2024,3236,0,3
2024,3237,0,3
2024,3238,0,1
2024,3239,0,5
2024,3240,0,2
2024,3241,1,3
2024,3242,0,3
2024,3243,2,5
2024,3244,0,2
2024,3245,0,1
2024,3246,0,5
2024,3247,0,1
2024,3248,0,1
2024,3251,0,7
2024,3252,0,2
2024,3253,0,3
2024,3255,0,1
2024,3256,1,7
2024,3257,2,6
2024,3258,0,3
2024,3260,0,4
2024,3261,0,2
2024,3263,0,2
2024,3264,0,2
2024,3265,0,2
2024,3266,0,3
2024,3268,1,6
2024,3269,0,1
2024,3270,0,1
2024,3271,0,1
2024,3272,0,2
2024,3274,1,2
2024,3276,2,5
2024,3277,1,4
2024,3278,2,6
2024,3279,0,3
2024,3280,1,2
2024,3281,0,3
2024,3282,0,3
2024,3283,0,2
2024,3284,0,1
2024,3285,0,3
2024,3286,1,4
2024,3287,1,1
2024,3288,0,2
2024,3290,0,2
2024,3291,0,2
2024,3292,0,1
2024,3293,0,2
2024,3294,0,2
2024,3295,0,4
2024,3297,1,5
2024,3299,0,2
2024,3301,2,3
2024,3303,0,4
2024,3304,1,4
2024,3305,0,2
2024,3306,0,1
2024,3307,1,3
2024,3308,0,2
2024,3310,0,6
2024,3312,0,1
2024,3314,2,6
2024,3315,0,4
2024,3316,0,3
2024,3318,0,1
2024,3319,1,5
2024,3320,0,5
2024,3321,0,3
2024,3322,0,1
2024,3323,2,4
2024,3324,0,2
2024,3325,0,1
2024,3326,1,4
2024,3328,2,4
2024,3329,0,2
2024,3330,1,5
2024,3331,0,3
2024,3332,0,6
2024,3333,1,7
2024,3334,0,3
2024,3335,0,3
2024,3336,0,5
2024,3337,0,3
2024,3338,0,3
2024,3339,1,5
2024,3340,0,2
2024,3342,0,2
2024,3343,1,2
2024,3344,0,3
2024,3345,0,4
2024,3346,0,3
2024,3348,1,5
2024,3349,0,1
2024,3350,1,1
2024,3351,0,3
2024,3352,0,2
2024,3353,0,4
2024,3354,0,1
2024,3355,0,2
2024,3356,0,1
2024,3357,0,1
2024,3358,0,2
2024,3360,0,5
2024,3361,0,5
2024,3362,0,2
2024,3363,0,1
2024,3364,0,1
2024,3365,0,2
2024,3368,0,1
2024,3370,0,2
2024,3371,1,5
2024,3372,0,4
2024,3373,0,2
2024,3375,0,1
2024,3376,5,5
2024,3377,0,3
2024,3378,0,2
2024,3379,0,3
2024,3380,0,1
2024,3381,0,3
2024,3382,0,1
2024,3385,0,3
2024,3386,0,1
2024,3387,0,2
2024,3388,0,2
2024,3389,0,2
2024,3390,1,4
2024,3391,0,2
2024,3393,2,3
2024,3395,0,2
2024,3397,0,7
2024,3399,0,1
2024,3400,1,1
2024,3401,0,4
2024,3402,0,1
2024,3403,0,2
2024,3404,0,1
2024,3405,0,1
2024,3406,1,2
2024,3410,0,3
2024,3411,0,2
2024,3413,0,1
2024,3414,1,1
2024,3415,0,2
2024,3416,0,1
2024,3417,4,7
2024,3418,0,2
2024,3419,0,1
2024,3423,0,1
2024,3425,6,7
2024,3426,0,4
2024,3428,3,7
2024,3429,0,3
2024,3430,1,2
2024,3431,0,4
2024,3433,0,2
2024,3434,0,2
2024,3435,1,4
2024,3436,0,1
2024,3437,1,4
2024,3438,0,4
2024,3439,2,6
2024,3443,0,2
2024,3444,0,1
2024,3448,1,3
2024,3449,1,4
2024,3450,3,6
2024,3451,0,3
2024,3452,0,1
2024,3453,2,3
2024,3454,0,2
2024,3456,0,1
2024,3458,1,4
2024,3460,1,4
2024,3461,0,4
2024,3462,0,1
2024,3463,0,3
2024,3464,0,2
2024,3466,0,1
2024,3468,0,2
2024,3469,0,3
2024,3470,0,3
2024,3471,0,1
2024,3472,0,3
2024,3474,0,3
2024,3476,0,1
2024,3478,0,4
2025,3101,0,3
2025,3104,3,5
2025,3107,0,1
2025,3111,0,3
2025,3112,0,3
2025,3113,0,3
2025,3116,0,5
2025,3117,1,1
2025,3120,0,4
2025,3122,0,2
2025,3123,0,2
2025,3124,0,4
2025,3125,0,1
2025,3130,0,3
2025,3131,0,1
2025,3135,0,1
2025,3139,0,5
2025,3140,0,2
2025,3142,0,3
2025,3143,1,4
2025,3145,0,2
2025,3146,0,2
2025,3148,0,1
2025,3149,0,3
2025,3150,0,1
2025,3151,0,1
2025,3153,0,3
2025,3155,0,4
2025,3156,0,2
2025,3157,0,4
2025,3159,0,1
2025,3160,0,4
2025,3161,0,1
2025,3162,1,3
2025,3163,4,6
2025,3164,0,5
2025,3165,0,1
2025,3166,1,6
2025,3167,0,1
2025,3169,0,1
2025,3170,1,2
2025,3172,2,7
2025,3173,0,4
2025,3175,0,2
2025,3176,0,2
2025,3177,0,5
2025,3178,0,2
2025,3179,0,2
2025,3180,0,1
2025,3181,3,6
2025,3182,0,3
2025,3184,0,4
2025,3185,0,1
2025,3186,0,3
2025,3187,0,5
2025,3189,0,1
2025,3190,0,2
2025,3192,0,1
2025,3193,2,4
2025,3194,0,3
2025,3195,0,1
2025,3196,0,5
2025,3199,1,3
2025,3200,1,2
2025,3201,0,2
2025,3203,0,3
2025,3204,0,3
2025,3205,0,2
2025,3206,0,1
2025,3207,1,8
2025,3208,0,3
2025,3209,0,2
2025,3210,1,5
2025,3212,0,1
2025,3214,0,1
2025,3217,0,1
2025,3218,0,1
2025,3221,0,2
2025,3222,0,3
2025,3223,0,3
2025,3224,0,3
2025,3225,0,2
2025,3226,0,4
2025,3227,0,2
2025,3228,0,2
2025,3230,0,4
2025,3231,1,4
2025,3233,0,5
2025,3234,1,2
2025,3235,0,5
2025,3236,1,3
2025,3237,0,2
2025,3239,0,2
2025,3241,0,3
2025,3242,0,2
2025,3243,3,5
2025,3245,0,2
2025,3246,0,3
2025,3247,0,3
2025,3248,0,1
2025,3249,1,4
2025,3251,0,2
2025,3252,0,1
2025,3253,0,1
2025,3255,0,1
2025,3256,0,3
2025,3257,1,7
2025,3259,0,2
2025,3260,0,2
2025,3261,1,4
2025,3263,0,1
2025,3264,0,4
2025,3265,0,3
2025,3266,0,3
2025,3267,0,3
2025,3268,2,5
2025,3269,0,2
2025,3270,0,2
2025,3271,0,3
2025,3272,0,2
2025,3274,1,4
2025,3276,0,4
2025,3277,0,2
2025,3278,0,2
2025,3279,1,7
2025,3280,0,3
2025,3281,0,4
2025,3282,0,2
2025,3284,0,1
2025,3285,0,4
2025,3286,1,1
2025,3288,0,3
2025,3291,1,6
2025,3292,1,1
2025,3293,0,1
2025,3294,0,3
2025,3295,0,2
2025,3297,0,2
2025,3298,0,1
2025,3299,0,2
2025,3300,0,3
2025,3301,3,7
2025,3303,0,3
2025,3304,0,4
2025,3308,0,2
2025,3309,0,3
2025,3310,0,2
2025,3311,1,3
2025,3312,0,1
2025,3313,0,1
2025,3314,3,7
2025,3315,0,4
2025,3316,0,2
2025,3317,0,1
2025,3319,1,4
2025,3320,1,3
2025,3322,0,3
2025,3323,5,8
2025,3324,0,4
2025,3326,0,3
2025,3328,0,5
2025,3329,3,5
2025,3330,0,3
2025,3331,1,4
2025,3332,2,5
2025,3333,0,1
2025,3336,0,2
2025,3337,0,1
2025,3338,0,3
2025,3340,0,2
2025,3342,0,1
2025,3343,0,1
2025,3344,0,4
2025,3345,0,4
2025,3346,1,3
2025,3347,0,2
2025,3348,0,3
2025,3349,1,4
2025,3350,2,3
2025,3351,0,4
2025,3352,0,3
2025,3353,0,2
2025,3354,0,3
2025,3355,1,3
2025,3357,0,4
2025,3358,0,1
2025,3359,0,2
2025,3361,0,1
2025,3364,0,1
2025,3365,0,1
2025,3368,1,3
2025,3369,0,1
2025,3370,0,2
2025,3371,0,7
2025,3373,0,3
2025,3374,0,3
2025,3375,0,1
2025,3376,6,9
2025,3377,0,3
2025,3378,2,5
2025,3379,0,2
2025,3380,0,2
2025,3381,0,2
2025,3382,0,2
2025,3385,1,6
2025,3386,3,6
2025,3387,0,5
2025,3389,0,4
2025,3390,1,5
2025,3391,0,2
2025,3393,0,4
2025,3394,0,4
2025,3395,5,6
2025,3396,0,2
2025,3397,2,6
2025,3400,6,9
2025,3401,1,4
2025,3402,0,4
2025,3403,1,4
2025,3404,0,1
2025,3406,0,2
2025,3407,0,3
2025,3408,0,2
2025,3409,0,3
2025,3410,1,4
2025,3411,0,2
2025,3412,0,2
2025,3413,0,1
2025,3416,0,4
2025,3417,4,6
2025,3418,0,2
2025,3419,0,1
2025,3420,0,1
2025,3422,0,1
2025,3423,0,1
2025,3424,0,1
2025,3425,3,5
2025,3426,0,4
2025,3428,2,4
2025,3429,0,1
2025,3430,0,3
2025,3431,0,1
2025,3433,0,4
2025,3435,0,4
2025,3436,0,1
2025,3437,0,8
2025,3438,1,4
2025,3439,0,3
2025,3448,0,6
2025,3449,0,3
2025,3450,1,1
2025,3451,0,2
2025,3452,0,4
2025,3453,1,2
2025,3454,0,2
2025,3455,0,3
2025,3456,0,2
2025,3458,0,3
2025,3459,0,2
2025,3460,0,3
2025,3461,0,2
2025,3462,0,2
2025,3463,0,1
2025,3464,0,2
2025,3465,0,4
2025,3466,0,1
2025,3467,0,5
2025,3468,0,2
2025,3469,0,4
2025,3470,0,3
2025,3472,0,2
2025,3474,0,2
2025,3477,0,4
2025,3479,0,1
2025,3480,0,2
2026,3102,0,1
2026,3103,0,3
2026,3104,1,7
2026,3105,0,1
2026,3106,0,2
2026,3107,0,2
2026,3108,0,1
2026,3111,0,1
2026,3112,0,2
2026,3113,1,3
2026,3114,0,1
2026,3115,0,1
2026,3116,0,5
2026,3120,0,5
2026,3122,0,2
2026,3123,0,3
2026,3124,0,5
2026,3125,0,6
2026,3126,0,2
2026,3127,0,1
2026,3129,0,2
2026,3130,0,3
2026,3131,0,1
2026,3132,0,2
2026,3133,0,2
2026,3135,0,2
2026,3138,0,1
2026,3139,0,4
2026,3140,0,3
2026,3141,0,2
2026,3142,0,1
2026,3143,0,3
2026,3144,0,1
2026,3145,0,3
2026,3149,0,1
2026,3150,0,2
2026,3153,0,4
2026,3155,0,3
2026,3157,0,1
2026,3160,2,4
2026,3161,0,2
2026,3162,2,4
2026,3163,6,6
2026,3164,0,3
2026,3165,0,2
2026,3166,0,4
2026,3167,0,1
2026,3169,0,1
2026,3171,0,2
2026,3172,0,3
2026,3173,0,2
2026,3176,0,2
2026,3177,0,5
2026,3178,0,1
2026,3179,0,3
2026,3181,2,7
2026,3182,0,2
2026,3183,0,2
2026,3184,0,1
2026,3185,0,2
2026,3187,0,1
2026,3189,0,1
2026,3190,0,1
2026,3191,0,3
2026,3193,2,4
2026,3194,0,1
2026,3195,0,1
2026,3196,0,5
2026,3199,0,4
2026,3200,0,3
2026,3201,0,2
2026,3202,0,1
2026,3203,1,3
2026,3204,0,2
2026,3206,1,5
2026,3207,0,4
2026,3208,1,5
2026,3210,0,4
2026,3211,1,1
2026,3212,0,1
2026,3213,1,3
2026,3217,0,3
2026,3221,0,1
2026,3222,0,4
2026,3223,0,4
2026,3224,1,1
2026,3227,0,1
2026,3228,1,5
2026,3229,0,3
2026,3230,0,5
2026,3231,0,4
2026,3232,0,2
2026,3233,0,1
2026,3234,3,5
2026,3235,1,3
2026,3236,0,1
2026,3239,0,1
2026,3241,0,2
2026,3242,0,2
2026,3243,0,4
2026,3245,0,3
2026,3246,3,7
2026,3247,1,3
2026,3248,0,1
2026,3249,0,2
2026,3250,0,1
2026,3251,0,1
2026,3253,0,1
2026,3256,0,1
2026,3257,1,3
2026,3260,0,3
2026,3261,2,5
2026,3263,0,2
2026,3264,0,3
2026,3265,0,4
2026,3266,1,4
2026,3268,2,6
2026,3269,1,2
2026,3270,0,1
2026,3271,0,3
2026,3272,0,2
2026,3274,0,3
2026,3276,1,5
2026,3277,0,5
2026,3278,2,4
2026,3279,2,5
2026,3280,0,5
2026,3281,0,5
2026,3282,0,3
2026,3286,0,1
2026,3287,0,2
2026,3288,0,2
2026,3291,0,2
2026,3292,0,1
2026,3296,0,1
2026,3297,0,2
2026,3298,0,1
2026,3299,0,2
2026,3300,0,3
2026,3301,0,5
2026,3303,0,2
2026,3304,1,6
2026,3305,0,3
2026,3306,0,1
2026,3307,0,1
2026,3309,0,3
2026,3310,0,3
2026,3311,0,2
2026,3313,0,1
2026,3314,1,4
2026,3315,0,2
2026,3317,0,2
2026,3320,1,4
2026,3321,0,4
2026,3322,1,3
2026,3323,2,5
2026,3324,1,2
2026,3325,0,1
2026,3326,2,6
2026,3328,1,5
2026,3329,0,3
2026,3331,0,2
2026,3332,0,4
2026,3333,0,1
2026,3334,0,1
2026,3335,0,3
2026,3336,1,8
2026,3337,0,1
2026,3338,0,2
2026,3341,0,1
2026,3343,3,3
2026,3344,0,6
2026,3345,1,5
2026,3346,1,2
2026,3348,1,3
2026,3349,0,1
2026,3350,1,5
2026,3351,0,1
2026,3353,1,6
2026,3355,3,6
2026,3356,0,2
2026,3357,0,2
2026,3358,0,2
2026,3361,0,1
2026,3363,0,2
2026,3364,0,1
2026,3365,1,1
2026,3368,0,4
2026,3371,0,5
2026,3372,0,1
2026,3373,0,2
2026,3374,0,2
2026,3376,4,6
2026,3377,0,2
2026,3378,0,7
2026,3380,0,2
2026,3382,0,3
2026,3385,1,4
2026,3386,0,4
2026,3387,0,3
2026,3389,0,2
2026,3390,1,2
2026,3393,0,3
2026,3394,0,2
2026,3395,3,4
2026,3396,0,6
2026,3397,0,8
2026,3398,0,2
2026,3400,6,9
2026,3401,0,7
2026,3403,2,2
2026,3405,0,2
2026,3408,0,3
2026,3409,0,2
2026,3410,0,5
2026,3411,0,3
2026,3412,0,3
2026,3416,1,4
2026,3417,6,7
2026,3418,0,1
2026,3422,0,1
2026,3423,0,1
2026,3424,0,3
2026,3425,1,7
2026,3426,0,2
2026,3427,0,1
2026,3428,2,3
2026,3429,0,1
2026,3431,0,1
2026,3433,0,5
2026,3434,0,1
2026,3435,4,5
2026,3437,1,5
2026,3438,1,3
2026,3439,0,2
2026,3441,0,1
2026,3442,0,1
2026,3443,0,2
2026,3444,0,2
2026,3447,0,1
2026,3448,0,2
2026,3449,1,4
2026,3450,1,2
2026,3451,0,1
2026,3452,1,5
2026,3453,0,2
2026,3455,0,1
2026,3456,0,1
2026,3457,0,1
2026,3458,0,4
2026,3461,0,2
2026,3462,0,4
2026,3463,0,1
2026,3466,0,1
2026,3467,0,2
2026,3468,0,3
2026,3469,0,1
2026,3470,0,2
2026,3472,0,2
2026,3473,0,1
2026,3474,0,1
2026,3475,0,1
2026,3476,0,1
2026,3477,0,3
2026,3479,0,1
2026,3481,0,1
